time,Sea level pressue,east wind 10m,north wind 10m,Surface skin temp,TQV
11-09-2024 00:30,1000.39185,-1.5897689,-0.4578967,297.98694,51.689087
11-09-2024 01:30,1000.9959,-1.2826375,-0.4451748,300.29346,51.31393
11-09-2024 02:30,1001.5891,-0.89994335,-0.79876804,302.16125,51.49976
11-09-2024 03:30,1001.8324,-0.89245456,-0.78121364,305.01263,52.780777
11-09-2024 04:30,1001.84357,-1.3122432,-0.57671714,307.00656,55.42401
11-09-2024 05:30,1001.53406,-1.7759278,-0.42583644,307.9706,58.5494
11-09-2024 06:30,1000.99786,-2.3038428,-0.25120163,308.40866,61.439472
11-09-2024 07:30,1000.29596,-2.6524692,-0.19267565,308.1414,64.2356
11-09-2024 08:30,999.4983,-2.8824282,-0.26084673,306.82867,67.14113
11-09-2024 09:30,998.96783,-2.7045465,-0.22367835,305.44003,69.89083
11-09-2024 10:30,998.8258,-2.4103637,-0.086059034,304.37732,72.01514
11-09-2024 11:30,998.8646,-2.134708,0.2649181,303.02243,73.82743
11-09-2024 12:30,999.0672,-1.9441881,0.79824543,301.31186,75.4522
11-09-2024 13:30,999.47284,-1.4768109,1.2089211,300.5402,76.452
11-09-2024 14:30,1000.0108,-0.8570403,0.8938243,300.39313,75.98365
11-09-2024 15:30,1000.4433,-0.12546921,0.31167442,300.26425,74.63957
11-09-2024 16:30,1000.2559,0.5926688,-0.48881423,300.16553,73.1401
11-09-2024 17:30,999.80255,0.9297179,-1.0271668,300.00336,72.57787
11-09-2024 18:30,999.2419,1.0867581,-1.535966,299.849,72.7649
11-09-2024 19:30,998.4066,1.3130192,-2.1492136,299.70514,73.10787
11-09-2024 20:30,997.52814,1.556611,-2.803972,299.5643,73.54451
11-09-2024 21:30,996.94116,1.2478004,-3.130756,299.3969,74.01252
11-09-2024 22:30,996.8608,0.2605003,-3.1006904,299.1788,74.23077
11-09-2024 23:30,997.28046,-0.71611905,-3.1456575,298.91354,74.074295
12-09-2024 00:30,997.8727,-1.0868951,-3.0939438,298.63794,73.73063
12-09-2024 01:30,998.44305,-0.58197296,-3.276341,298.833,73.38679
12-09-2024 02:30,998.96893,-0.19222167,-3.6643357,299.42554,72.91794
12-09-2024 03:30,999.34766,-0.9348864,-3.895966,300.07053,72.54279
12-09-2024 04:30,999.65814,-1.9438906,-4.156135,300.85992,72.32384
12-09-2024 05:30,999.6362,-2.6091764,-4.1897006,301.92044,71.69859
12-09-2024 06:30,999.3292,-2.9521747,-4.074748,302.75476,70.760994
12-09-2024 07:30,998.9419,-3.11163,-4.1438265,303.27887,70.29245
12-09-2024 08:30,998.5853,-3.1722684,-4.172171,303.01035,69.76104
12-09-2024 09:30,998.27405,-2.841735,-4.164693,302.70554,68.5113
12-09-2024 10:30,998.0672,-2.260342,-4.3500104,302.30936,66.38703
12-09-2024 11:30,998.00995,-1.3276776,-4.1730423,301.3369,63.90365
12-09-2024 12:30,998.1122,0.007189632,-3.152807,300.0564,61.326824
12-09-2024 13:30,998.3351,0.9224145,-2.4698296,299.02408,58.92068
12-09-2024 14:30,998.78156,1.8072639,-2.7019448,298.76074,56.76435
12-09-2024 15:30,999.1733,2.1901107,-2.8466504,298.525,54.92047
12-09-2024 16:30,999.16016,2.3922968,-2.978644,298.3119,53.420536
12-09-2024 17:30,998.8713,2.6261234,-3.1406112,298.1486,51.733505
12-09-2024 18:30,998.4935,2.7367678,-3.1852345,297.97165,49.54684
12-09-2024 19:30,998.03674,2.9015102,-3.0555437,297.75134,46.875126
12-09-2024 20:30,997.46533,3.3065205,-2.7737036,297.4947,43.797234
12-09-2024 21:30,996.96466,3.8061612,-2.2728076,297.26233,40.859104
12-09-2024 22:30,996.884,4.183221,-1.7806768,297.03745,38.95227
12-09-2024 23:30,997.22974,4.389906,-1.4559559,296.86865,38.108326
13-09-2024 00:30,997.72046,4.5765853,-1.0945078,296.81342,38.15538
13-09-2024 01:30,998.21783,5.1912093,-0.62423563,297.7797,38.593506
13-09-2024 02:30,998.8097,5.482572,-0.45740676,299.70734,39.406643
13-09-2024 03:30,999.2525,5.920386,-0.41085446,301.77954,40.921886
13-09-2024 04:30,999.68634,6.5663257,-0.83998525,303.28427,42.640564
13-09-2024 05:30,999.9308,6.3946104,-0.9738958,304.2633,44.250023
13-09-2024 06:30,1000.09784,5.88493,-0.7856926,305.02237,45.922092
13-09-2024 07:30,1000.04486,5.2106576,-0.75226736,305.3443,47.844288
13-09-2024 08:30,999.80975,4.5463586,-0.8536151,305.11664,49.672585
13-09-2024 09:30,999.49304,3.9170828,-1.1997845,304.63507,50.829155
13-09-2024 10:30,999.30096,2.9711795,-1.3757439,304.31296,51.11016
13-09-2024 11:30,999.3134,2.6301024,-1.3084838,303.0358,50.594135
13-09-2024 12:30,999.2908,1.8441422,-0.64215195,301.40576,49.203274
13-09-2024 13:30,999.34235,1.5240263,0.11958417,300.13757,48.07832
13-09-2024 14:30,999.7488,1.4925406,0.8472583,299.73706,47.672264
13-09-2024 15:30,1000.3739,1.7340422,1.4610968,299.38745,47.578583
13-09-2024 16:30,1000.7976,2.299457,2.074699,298.9434,47.67193
13-09-2024 17:30,1001.0354,3.1508956,2.472856,298.6023,47.687027
13-09-2024 18:30,1001.1584,3.7829585,2.2495184,298.18085,47.217937
13-09-2024 19:30,1001.10236,4.429864,1.7648469,297.68433,46.124
13-09-2024 20:30,1000.8791,5.219695,1.1974357,297.20306,44.655075
13-09-2024 21:30,1000.63446,4.625722,0.6720884,296.82385,43.2958
13-09-2024 22:30,1000.58575,3.6178381,0.4422782,296.5424,42.108654
13-09-2024 23:30,1000.83514,3.3361473,0.37426108,296.30124,41.046524
14-09-2024 00:30,1001.24786,3.3208773,0.38003492,296.13672,40.203083
14-09-2024 01:30,1001.90356,4.0792265,0.4588551,297.0017,39.71895
14-09-2024 02:30,1002.74225,4.885175,0.3153025,298.7113,39.624805
14-09-2024 03:30,1003.28107,5.6182117,-0.32878128,300.73007,39.967896
14-09-2024 04:30,1003.53796,5.569952,-1.189281,302.66837,40.67092
14-09-2024 05:30,1003.5136,4.938215,-1.7661219,304.11908,41.764633
14-09-2024 06:30,1003.2664,4.2397466,-1.8251766,305.05258,42.951782
14-09-2024 07:30,1002.79846,3.814045,-1.606569,305.39276,43.93639
14-09-2024 08:30,1002.25586,3.6032546,-1.3667798,305.08344,44.546135
14-09-2024 09:30,1001.69604,3.318182,-1.1287901,304.24362,44.404762
14-09-2024 10:30,1001.29156,2.7811887,-0.8710915,304.0587,43.450974
14-09-2024 11:30,1001.1166,2.2399025,-0.67585164,303.37003,42.09105
14-09-2024 12:30,1001.15656,1.6871667,-0.49510875,300.60138,40.574966
14-09-2024 13:30,1001.45667,1.0628111,-0.26061708,299.2284,39.262093
14-09-2024 14:30,1002.0159,0.5662395,0.16912425,298.75378,38.402393
14-09-2024 15:30,1002.62756,0.33795497,0.7870833,298.22455,38.355183
14-09-2024 16:30,1002.9336,0.5101168,1.3912375,297.76453,38.886005
14-09-2024 17:30,1002.9861,0.9141259,1.7387521,297.33752,39.510468
14-09-2024 18:30,1003.0089,1.3970966,1.7676406,296.9819,40.1349
14-09-2024 19:30,1002.85425,1.8497399,1.5517522,296.6582,40.75941
14-09-2024 20:30,1002.5808,2.2966733,1.1889548,296.43204,41.430946
14-09-2024 21:30,1002.18494,2.8089626,0.7348628,296.2154,41.68018
14-09-2024 22:30,1001.9629,3.1868448,0.27068514,296.0126,41.476368
14-09-2024 23:30,1002.03485,3.3044915,-0.110437304,295.81244,41.08528
15-09-2024 00:30,1002.3221,3.2912996,-0.35284895,295.65747,40.475777
15-09-2024 01:30,1002.75854,4.003608,-0.63322586,296.62183,39.741528
15-09-2024 02:30,1003.28467,3.9961705,-0.8219801,298.74374,39.101143
15-09-2024 03:30,1003.6971,4.379161,-1.422672,301.13736,38.5545
15-09-2024 04:30,1003.9833,4.3583403,-1.9280515,303.1269,38.148205
15-09-2024 05:30,1004.012,4.0896235,-2.2281942,304.5755,37.94476
15-09-2024 06:30,1003.7572,3.7439125,-2.2727816,305.3108,37.70996
15-09-2024 07:30,1003.23065,3.4883392,-2.2366977,305.66364,37.19388
15-09-2024 08:30,1002.51666,3.327053,-2.2133489,305.42743,36.474693
15-09-2024 09:30,1001.8102,3.007447,-2.0824552,305.33704,36.16185
15-09-2024 10:30,1001.3986,2.6696014,-1.9132626,304.40045,36.302273
15-09-2024 11:30,1001.307,2.3082342,-1.6616209,303.06866,36.599037
15-09-2024 12:30,1001.39594,1.6010811,-1.1466055,300.4264,37.052105
15-09-2024 13:30,1001.6903,1.3330244,-0.8063801,299.0172,37.69289
15-09-2024 14:30,1002.23334,1.1136532,-0.14712691,298.6289,38.536804
15-09-2024 15:30,1002.82367,1.1253942,0.6110177,298.17816,39.177658
15-09-2024 16:30,1003.1513,1.3682704,1.1666863,297.6614,39.646824
15-09-2024 17:30,1003.275,1.7264221,1.3647693,297.16617,40.131306
15-09-2024 18:30,1003.36053,2.0705917,1.2254124,296.72668,40.459564
15-09-2024 19:30,1003.32733,2.3608985,0.89514387,296.3287,40.522015
15-09-2024 20:30,1003.13794,2.5650954,0.46291468,295.94836,40.33428
15-09-2024 21:30,1002.8734,2.677773,0.012057573,295.60266,40.162266
15-09-2024 22:30,1002.7645,2.7259555,-0.36866632,295.2969,39.912254
15-09-2024 23:30,1002.9533,2.7130377,-0.56876945,295.03677,39.55288
16-09-2024 00:30,1003.39874,2.7103593,-0.6388222,294.89096,39.08409
16-09-2024 01:30,1004.115,3.4538994,-0.8057405,296.152,38.568546
16-09-2024 02:30,1004.96844,3.690394,-0.8042455,298.32654,38.06874
16-09-2024 03:30,1005.5555,3.4839978,-0.8759767,300.99356,37.63154
16-09-2024 04:30,1005.89,3.482184,-1.6268978,303.10217,37.459812
16-09-2024 05:30,1005.96716,3.1966567,-2.3729925,304.5543,37.49119
16-09-2024 06:30,1005.85,2.9551249,-2.8851054,305.2932,37.585125
16-09-2024 07:30,1005.4414,2.8222394,-3.2487316,305.39117,37.585373
16-09-2024 08:30,1004.8191,2.6769707,-3.4561973,305.16028,37.335354
16-09-2024 09:30,1004.1978,2.4783907,-3.3474486,305.40573,36.75733
16-09-2024 10:30,1003.84625,2.1763306,-3.0192108,304.28912,35.945107
16-09-2024 11:30,1003.7452,1.8405917,-2.6093638,302.80875,35.00778
16-09-2024 12:30,1003.7064,1.302879,-1.9633975,299.63434,34.00786
16-09-2024 13:30,1003.7864,1.0793625,-1.792134,297.9265,33.007988
16-09-2024 14:30,1004.1336,0.9585142,-1.505567,297.37527,32.242523
16-09-2024 15:30,1004.5687,0.94637495,-1.24101,296.85034,32.05518
16-09-2024 16:30,1004.8164,0.9818946,-1.0354834,296.38394,32.461575
16-09-2024 17:30,1004.83704,1.0334203,-0.91983664,295.96335,33.164837
16-09-2024 18:30,1004.8844,1.0372891,-0.89746445,295.5788,34.024124
16-09-2024 19:30,1004.8939,1.0623752,-0.7857525,295.26343,34.961502
16-09-2024 20:30,1004.82117,1.1708335,-0.570773,294.96942,35.88339
16-09-2024 21:30,1004.6781,1.4183683,-0.45949304,294.7261,36.82091
16-09-2024 22:30,1004.65857,1.7055643,-0.45898187,294.86917,37.742355
16-09-2024 23:30,1004.8684,1.9345697,-0.53071165,294.7586,38.570095
17-09-2024 00:30,1005.1665,2.1026654,-0.62577677,294.618,39.319954
17-09-2024 01:30,1005.6361,1.9573694,-0.6816349,296.45734,40.17936
17-09-2024 02:30,1006.351,2.5230486,-1.0320336,298.86176,41.49192
17-09-2024 03:30,1006.84204,2.073791,-0.85519457,301.40363,42.69505
17-09-2024 04:30,1007.1179,1.428725,-1.558405,303.6922,44.05386
17-09-2024 05:30,1007.02936,0.75283206,-2.4170876,305.10132,45.70965
17-09-2024 06:30,1006.5657,0.120452195,-2.6987069,305.54254,47.209377
17-09-2024 07:30,1005.8936,-0.5125308,-2.7747583,305.8803,48.584232
17-09-2024 08:30,1005.1236,-1.003758,-2.7097487,305.55792,49.81836
17-09-2024 09:30,1004.4933,-1.1494863,-2.4598598,305.07812,51.365005
17-09-2024 10:30,1004.28314,-0.98845387,-2.0079641,305.63904,52.927494
17-09-2024 11:30,1004.2584,-0.9040637,-1.7907028,303.52682,53.89577
17-09-2024 12:30,1004.3347,-0.8790369,-1.1252447,300.9819,54.48925
17-09-2024 13:30,1004.4905,-1.1816835,-0.34914312,299.9046,54.629852
17-09-2024 14:30,1004.8309,-1.3704158,0.54497695,299.3784,54.489304
17-09-2024 15:30,1005.0722,-1.3537838,1.2622972,298.82147,54.082603
17-09-2024 16:30,1005.0017,-1.0993848,1.6650295,298.33398,53.582447
17-09-2024 17:30,1004.8049,-0.68164617,1.8155075,297.9621,53.098137
17-09-2024 18:30,1004.75726,-0.23604476,1.7735327,297.65695,52.769627
17-09-2024 19:30,1004.63403,0.1779024,1.5206225,297.39066,52.58168
17-09-2024 20:30,1004.39343,0.49857152,1.0484204,297.17276,52.503387
17-09-2024 21:30,1004.0725,0.5150991,0.51094186,296.95538,52.628067
17-09-2024 22:30,1003.8119,0.28418958,0.116431355,296.83673,52.81549
17-09-2024 23:30,1003.7397,0.01565969,-0.12070936,296.84293,52.893745
18-09-2024 00:30,1003.85596,-0.30395317,-0.26955402,296.7813,52.972084
18-09-2024 01:30,1004.192,-0.78861725,-0.34035212,298.6386,53.1127
18-09-2024 02:30,1004.7983,-1.3023536,-0.16145146,300.98447,53.456505
18-09-2024 03:30,1005.34705,-1.979759,0.25382394,302.7276,54.034676
18-09-2024 04:30,1005.757,-2.9273715,0.5693502,304.4062,54.737778
18-09-2024 05:30,1005.8345,-3.7726045,0.4807697,304.91974,55.690826
18-09-2024 06:30,1005.48346,-4.453655,-0.021394253,304.83545,56.65949
18-09-2024 07:30,1004.8773,-5.0712633,-0.5939281,304.5208,57.784286
18-09-2024 08:30,1004.2248,-5.4096785,-1.2861533,303.42834,59.377926
18-09-2024 09:30,1003.6435,-5.015595,-2.093343,301.68253,61.440395
18-09-2024 10:30,1003.214,-4.2279196,-2.7720218,300.3128,63.08079
18-09-2024 11:30,1003.0408,-3.144694,-3.04368,299.3324,63.6274
18-09-2024 12:30,1003.15094,-1.7971952,-2.8102655,298.5202,63.189842
18-09-2024 13:30,1003.28174,-0.8787454,-2.596445,297.98785,62.04927
18-09-2024 14:30,1003.6795,-0.37400916,-2.5586624,297.71255,61.017952
18-09-2024 15:30,1004.0464,-0.25670183,-2.2730014,297.46106,60.54941
18-09-2024 16:30,1004.1295,-0.4664901,-2.1106849,297.24088,60.580406
18-09-2024 17:30,1004.0018,-0.7998754,-2.1829753,297.02548,60.955406
18-09-2024 18:30,1003.8111,-1.3569596,-2.5723672,296.90912,61.45578
18-09-2024 19:30,1003.46643,-2.072008,-2.8004723,296.75073,61.75293
18-09-2024 20:30,1003.0608,-2.7665179,-2.6861954,296.57944,61.784554
18-09-2024 21:30,1002.8055,-3.1461706,-2.3540723,296.43597,61.425777
18-09-2024 22:30,1002.84106,-3.1238508,-2.0322888,296.3961,60.925903
18-09-2024 23:30,1003.17,-3.0156567,-1.6825409,296.4425,60.47246
19-09-2024 00:30,1003.64233,-2.8063083,-1.3164363,296.4902,59.92543
19-09-2024 01:30,1004.26526,-3.4168324,-1.0811827,297.4705,59.00366
19-09-2024 02:30,1005.08673,-4.0517397,-0.4276687,299.46805,57.7689
19-09-2024 03:30,1005.6805,-4.544915,0.6967187,301.5108,57.018806
19-09-2024 04:30,1005.90063,-4.734706,1.2574301,302.8878,56.956543
19-09-2024 05:30,1005.587,-4.846741,1.3953166,303.95395,56.878742
19-09-2024 06:30,1005.01953,-5.119179,1.5826073,304.79105,56.613075
19-09-2024 07:30,1004.20624,-5.3009653,1.7875433,304.94016,56.113167
19-09-2024 08:30,1003.3667,-5.2576485,1.9315715,304.65958,55.238503
19-09-2024 09:30,1002.73157,-4.804976,1.6549075,303.91818,54.19176
19-09-2024 10:30,1002.51306,-4.1533327,1.0854954,303.43674,53.176224
19-09-2024 11:30,1002.59015,-3.2753792,0.5392051,302.32874,52.285896
19-09-2024 12:30,1002.77893,-2.237463,0.16534366,300.46945,51.254658
19-09-2024 13:30,1003.1284,-1.7794375,-0.08216966,299.38373,49.988873
19-09-2024 14:30,1003.73157,-1.6091778,-0.2493259,298.93384,48.707794
19-09-2024 15:30,1004.09283,-1.439877,-0.1993961,298.55743,47.848923
19-09-2024 16:30,1004.02985,-1.2898197,0.07355438,298.19467,47.30246
19-09-2024 17:30,1003.76416,-1.0609273,0.3476406,297.8626,46.927055
19-09-2024 18:30,1003.4691,-0.82011867,0.5646785,297.5655,46.708366
19-09-2024 19:30,1003.12366,-0.61312485,0.69281346,297.29153,46.58391
19-09-2024 20:30,1002.7025,-0.49471474,0.7564477,297.0647,46.475327
19-09-2024 21:30,1002.4994,-0.52570415,0.74633574,296.93805,46.193737
19-09-2024 22:30,1002.65204,-0.6456913,0.69853556,296.74622,45.708843
19-09-2024 23:30,1003.0652,-0.7934326,0.70519674,296.59988,45.08345
20-09-2024 00:30,1003.6906,-0.78730166,0.7669412,296.43134,44.23938
20-09-2024 01:30,1004.34674,-0.6446712,0.78985447,298.44617,43.176647
20-09-2024 02:30,1005.113,-0.92509377,0.92934626,301.05774,42.348274
20-09-2024 03:30,1005.7438,-1.4397588,1.074651,303.2761,42.08251
20-09-2024 04:30,1006.03064,-1.7299676,1.000107,305.02438,42.363564
20-09-2024 05:30,1005.8208,-1.9423393,0.82953787,306.2751,43.082184
20-09-2024 06:30,1005.35376,-2.1276722,0.6941736,307.12354,44.082157
20-09-2024 07:30,1004.57904,-2.248855,0.45923457,307.45468,45.019714
20-09-2024 08:30,1003.7032,-2.3508859,0.22351973,307.10596,45.879406
20-09-2024 09:30,1002.90656,-2.3226728,-0.002593279,306.0301,46.441807
20-09-2024 10:30,1002.47015,-2.1762023,-0.22489125,305.10828,46.645065
20-09-2024 11:30,1002.4936,-1.8611451,-0.2741285,304.72272,46.598213
20-09-2024 12:30,1002.8019,-1.6705756,-0.26319566,301.51627,46.520138
20-09-2024 13:30,1003.34265,-1.5220816,-0.1427257,300.2778,46.395107
20-09-2024 14:30,1004.09094,-1.5097666,0.06545158,299.64304,46.3167
20-09-2024 15:30,1004.6779,-1.4206861,0.39706153,299.16174,46.30059
20-09-2024 16:30,1004.8798,-1.2867186,0.7706359,298.71643,46.315598
20-09-2024 17:30,1004.8081,-1.1327289,1.0644017,298.3438,46.362083
20-09-2024 18:30,1004.6194,-0.98491406,1.2922771,298.01984,46.33062
20-09-2024 19:30,1004.35034,-0.8232996,1.4732157,297.71463,46.252563
20-09-2024 20:30,1004.09796,-0.64390045,1.5857534,297.42584,46.19015
20-09-2024 21:30,1004.0072,-0.4727886,1.6274904,297.1592,46.40875
20-09-2024 22:30,1004.2286,-0.35698435,1.6083783,296.93008,46.95557
20-09-2024 23:30,1004.748,-0.23110081,1.5337855,296.70624,47.517937
21-09-2024 00:30,1005.37537,-0.045346588,1.3880565,296.5453,47.955368
21-09-2024 01:30,1006.0594,0.15463543,1.1243956,298.80774,48.29932
21-09-2024 02:30,1006.9177,-0.15874326,0.66278535,301.71536,48.815174
21-09-2024 03:30,1007.6085,-1.4261601,-0.08651993,303.942,49.190414
21-09-2024 04:30,1007.86194,-2.4016385,-0.44070512,305.2002,49.424946
21-09-2024 05:30,1007.57404,-2.838853,-0.3854335,306.06195,49.753044
21-09-2024 06:30,1006.84283,-2.8413281,-0.13736999,306.86243,50.00278
21-09-2024 07:30,1005.83923,-2.6049087,0.062119365,307.14813,50.158886
21-09-2024 08:30,1004.9015,-2.1784732,0.20194674,307.07355,50.175194
21-09-2024 09:30,1004.1417,-1.5912778,0.20824635,306.35727,50.03454
21-09-2024 10:30,1003.72296,-1.0533842,0.04493341,305.63742,49.503693
21-09-2024 11:30,1003.6824,-0.5209514,-0.14722979,304.41168,48.614048
21-09-2024 12:30,1003.90674,-0.09595156,-0.3587549,300.37872,47.70889
21-09-2024 13:30,1004.39984,0.22801018,-0.48742834,300.62888,46.80386
21-09-2024 14:30,1005.08716,0.42708373,-0.549567,300.22388,45.97705
21-09-2024 15:30,1005.6283,0.46385646,-0.54288137,299.83157,45.41586
21-09-2024 16:30,1005.7032,0.43200946,-0.47457337,299.37164,45.135246
21-09-2024 17:30,1005.4963,0.41151977,-0.37201366,299.0016,45.040962
21-09-2024 18:30,1005.3028,0.3871355,-0.3016314,298.6769,45.1019
21-09-2024 19:30,1005.0511,0.33937418,-0.32337204,298.44824,45.273846
21-09-2024 20:30,1004.77673,0.27815032,-0.3914597,298.2439,45.586346
21-09-2024 21:30,1004.64185,0.32435417,-0.34975338,298.0401,46.102135
21-09-2024 22:30,1004.68463,0.44658208,-0.2521927,297.882,46.58722
21-09-2024 23:30,1004.9228,0.5798464,-0.24583495,297.64374,46.82311
22-09-2024 00:30,1005.3578,0.65627587,-0.28150973,297.38223,46.93416
22-09-2024 01:30,1005.8663,0.6728071,-0.28655207,299.64807,46.934982
22-09-2024 02:30,1006.3875,0.689809,-0.2734636,302.0446,46.920406
22-09-2024 03:30,1006.6297,0.36128807,-0.44127277,305.06165,46.609283
22-09-2024 04:30,1006.54175,0.018698335,-0.78369033,307.24377,46.109688
22-09-2024 05:30,1006.10205,-0.048832536,-1.0775198,308.39532,45.750935
22-09-2024 06:30,1005.3686,-0.03673899,-1.4260284,308.56964,45.641254
22-09-2024 07:30,1004.4071,0.04807496,-1.8065186,308.51535,45.62455
22-09-2024 08:30,1003.4084,0.13918388,-2.1668985,307.85587,45.54521
22-09-2024 09:30,1002.6252,0.089635015,-2.302473,307.14603,45.262897
22-09-2024 10:30,1002.2735,-0.031014562,-2.2413769,306.5705,44.637264
22-09-2024 11:30,1002.35956,-0.11032617,-2.103392,305.36148,43.715225
22-09-2024 12:30,1002.71533,-0.17082304,-1.7396251,302.48697,42.621853
22-09-2024 13:30,1003.2522,-0.4013941,-1.6250142,301.3485,41.35684
22-09-2024 14:30,1003.9246,-0.7101319,-1.4781017,300.6823,40.060497
22-09-2024 15:30,1004.35425,-0.83227414,-1.2954879,300.00793,39.295082
22-09-2024 16:30,1004.41516,-0.70650077,-1.135674,299.5869,39.029175
22-09-2024 17:30,1004.2286,-0.50141597,-1.0466144,299.21045,38.966015
22-09-2024 18:30,1003.9761,-0.33129433,-1.0247624,298.86124,39.18396
22-09-2024 19:30,1003.6997,-0.20575815,-1.0446062,298.55408,39.62087
22-09-2024 20:30,1003.45233,-0.09330422,-1.0884445,298.28494,40.198772
22-09-2024 21:30,1003.40533,-0.06109315,-1.0499761,298.03348,40.52696
22-09-2024 22:30,1003.5714,-0.055385947,-0.95353574,297.79578,40.511658
22-09-2024 23:30,1003.8654,0.045031786,-0.8297263,297.577,40.30914
23-09-2024 00:30,1004.34436,0.29085594,-0.53073287,297.39825,40.18496
23-09-2024 01:30,1005.0072,0.62488407,-0.005056083,299.68613,40.482765
23-09-2024 02:30,1005.7751,1.0423274,0.678628,301.65228,41.452534
23-09-2024 03:30,1006.28296,1.0882332,0.86824363,304.19458,43.234875
23-09-2024 04:30,1006.48944,1.0794227,0.13887161,306.72482,45.438946
23-09-2024 05:30,1006.3513,0.9108299,-0.21779883,308.23895,47.40827
23-09-2024 06:30,1005.8708,0.724912,-0.37379336,309.0997,48.971077
23-09-2024 07:30,1005.1786,0.6625226,-0.49701273,309.09375,50.126602
23-09-2024 08:30,1004.3755,0.74057114,-0.70972866,308.31793,50.813675
23-09-2024 09:30,1003.53217,0.9126594,-1.0174805,307.26126,50.829174
23-09-2024 10:30,1002.90704,1.0605283,-1.3202999,306.67462,50.345135
23-09-2024 11:30,1002.64404,1.0532016,-1.4688808,305.73883,49.64327
23-09-2024 12:30,1002.60486,0.8633513,-1.4245851,302.86334,48.864296
23-09-2024 13:30,1002.7246,0.6259168,-1.5484549,301.7146,48.16286
23-09-2024 14:30,1002.98987,0.28541023,-1.5735142,301.27356,47.78841
23-09-2024 15:30,1003.2689,-0.050425887,-1.3530083,300.9275,47.523033
23-09-2024 16:30,1003.3426,-0.27051133,-0.9091072,300.5703,47.17945
23-09-2024 17:30,1003.22034,-0.36727846,-0.38373202,300.1994,46.913948
23-09-2024 18:30,1003.171,-0.32257622,0.18019485,299.82053,46.75808
23-09-2024 19:30,1003.14984,-0.18895745,0.60223174,299.47403,46.570602
23-09-2024 20:30,1003.0714,-0.000269294,0.8667928,299.14514,46.364906
23-09-2024 21:30,1002.98157,0.27725947,0.99593234,298.87393,46.362743
23-09-2024 22:30,1003.02264,0.5262413,1.0262964,298.58517,46.58011
23-09-2024 23:30,1003.3675,0.66516376,0.96977735,298.35083,46.922634
24-09-2024 00:30,1003.9512,0.7057054,0.9106471,298.20517,47.437126
24-09-2024 01:30,1004.6283,0.6335627,0.79788196,300.2815,48.014263
24-09-2024 02:30,1005.3949,0.5115733,0.78661716,302.24512,48.74795
24-09-2024 03:30,1005.7364,-0.22942972,0.28114462,305.0388,49.435276
24-09-2024 04:30,1005.6447,-0.7678269,-0.163373,306.74698,49.919857
24-09-2024 05:30,1005.1511,-0.81464326,-0.14989114,308.6457,50.263527
24-09-2024 06:30,1004.2579,-0.7210374,-0.09742856,308.80563,50.435795
24-09-2024 07:30,1003.2096,-0.522416,-0.1295675,309.23035,50.576336
24-09-2024 08:30,1002.1953,-0.34285724,-0.2904662,308.88657,50.77983
24-09-2024 09:30,1001.47485,-0.20369434,-0.55378246,308.33514,50.85813
24-09-2024 10:30,1001.1362,-0.17538786,-0.7380245,307.48773,50.592525
24-09-2024 11:30,1001.0706,-0.20535243,-0.74322736,307.2152,49.890106
24-09-2024 12:30,1001.1161,-0.23810327,-0.61266935,303.23187,48.779655
24-09-2024 13:30,1001.2346,-0.30280185,-0.26334846,302.30368,47.248493
24-09-2024 14:30,1001.55975,-0.31662607,0.20586038,301.85876,45.68566
24-09-2024 15:30,1001.8381,-0.34358215,0.7007265,301.31714,44.48224
24-09-2024 16:30,1001.9347,-0.41605568,1.1342653,300.76135,43.764313
24-09-2024 17:30,1001.9614,-0.53140944,1.3729645,300.27072,43.54587
24-09-2024 18:30,1002.09644,-0.73092836,1.4681966,299.83978,43.859657
24-09-2024 19:30,1002.1186,-0.820299,1.5300406,299.45856,44.35871
24-09-2024 20:30,1001.9225,-0.72725326,1.5627831,299.12903,44.74866
24-09-2024 21:30,1001.6928,-0.5666869,1.6492633,298.818,44.920235
24-09-2024 22:30,1001.6883,-0.3943181,1.8005735,298.51428,44.84257
24-09-2024 23:30,1001.9986,-0.27518985,1.9226464,298.25806,44.67116
25-09-2024 00:30,1002.6217,-0.2573064,2.020297,298.07812,44.5781
25-09-2024 01:30,1003.4593,-0.3569268,2.5200968,299.2315,44.64172
25-09-2024 02:30,1004.48315,-0.6857904,3.471733,300.89728,44.861782
25-09-2024 03:30,1005.19366,-0.93228084,3.018648,302.67346,45.191223
25-09-2024 04:30,1005.5206,-1.4632168,2.9757073,304.22195,45.817482
25-09-2024 05:30,1005.4356,-1.9874868,2.7160385,305.38382,46.444637
25-09-2024 06:30,1004.84467,-2.2326994,2.4245434,305.74225,46.63511
25-09-2024 07:30,1003.9433,-2.2822108,2.1676118,306.22684,46.47802
25-09-2024 08:30,1003.09155,-2.3614721,1.8886111,306.0454,46.445683
25-09-2024 09:30,1002.4514,-2.4874158,1.6395603,306.57053,47.05435
25-09-2024 10:30,1002.1199,-2.487693,1.4205117,305.48947,47.92928
25-09-2024 11:30,1002.0142,-2.4137874,1.4681964,304.0175,48.351467
25-09-2024 12:30,1001.95435,-1.858771,1.3228817,301.8321,48.33639
25-09-2024 13:30,1001.96295,-1.8180325,1.6626059,300.56186,48.164886
25-09-2024 14:30,1002.2472,-1.7039286,2.062203,300.03073,48.586735
25-09-2024 15:30,1002.71686,-1.6830379,2.4633555,299.64526,49.758842
25-09-2024 16:30,1003.2656,-1.9318267,2.9131832,299.54947,51.91574
25-09-2024 17:30,1003.78564,-2.4458497,3.4280224,299.60605,54.713593
25-09-2024 18:30,1003.9687,-2.7330093,3.8206615,299.62915,56.871124
25-09-2024 19:30,1003.7264,-2.5252745,3.7067025,299.55133,57.919262
25-09-2024 20:30,1003.21796,-2.1751738,3.3513348,299.3889,58.13922
25-09-2024 21:30,1002.7841,-1.923886,2.9425912,299.16486,57.530518
25-09-2024 22:30,1002.6306,-1.7983289,2.5523531,298.86646,56.53132
25-09-2024 23:30,1002.76056,-1.8056625,2.3568738,298.58658,55.484375
26-09-2024 00:30,1003.1971,-1.854135,2.198073,298.32004,54.577583
26-09-2024 01:30,1004.08954,-2.4333282,2.2004104,298.9294,54.17134
26-09-2024 02:30,1005.41876,-3.3752127,1.9933636,300.2953,54.312626
26-09-2024 03:30,1006.21014,-3.630989,2.143776,301.24673,54.579296
26-09-2024 04:30,1006.2411,-3.3701174,2.3091073,302.0775,54.782276
26-09-2024 05:30,1005.69836,-3.0106022,2.4333758,303.22153,55.032986
26-09-2024 06:30,1004.96783,-2.8609827,2.060282,303.96472,55.830227
26-09-2024 07:30,1004.16766,-2.8832219,1.3215687,304.4063,56.9699
26-09-2024 08:30,1003.33875,-2.8959026,0.66296995,304.50574,57.95356
26-09-2024 09:30,1002.51556,-2.929057,0.3803202,304.1062,58.54682
26-09-2024 10:30,1001.90625,-2.8127306,0.38152385,303.61215,58.828358
26-09-2024 11:30,1001.5886,-2.5324268,0.6151438,302.74756,58.906204
26-09-2024 12:30,1001.4469,-2.0104263,0.86827135,300.59088,58.748047
26-09-2024 13:30,1001.58484,-2.0068846,1.3974518,299.6013,58.466084
26-09-2024 14:30,1002.1284,-2.0268373,2.065476,299.24954,58.137177
26-09-2024 15:30,1002.8055,-1.9679402,2.657393,298.96402,57.761288
26-09-2024 16:30,1003.3091,-1.8013543,2.9440944,298.6064,57.291584
26-09-2024 17:30,1003.54156,-1.5411572,2.8764892,298.26157,56.65141
26-09-2024 18:30,1003.6336,-1.2436836,2.5498476,297.91043,55.885426
26-09-2024 19:30,1003.5379,-1.077883,2.2155447,297.66644,54.961903
26-09-2024 20:30,1003.1944,-1.0561904,1.9237982,297.49417,53.805904
26-09-2024 21:30,1002.79407,-1.2345862,1.6151849,297.38165,52.586502
26-09-2024 22:30,1002.6947,-1.5131633,1.2696387,297.18372,51.460827
26-09-2024 23:30,1002.82,-1.6713878,0.9365963,296.9848,50.428173
27-09-2024 00:30,1003.0676,-1.7684808,0.73425937,296.65363,49.896805
27-09-2024 01:30,1003.4982,-2.055852,0.704098,298.05392,49.367157
27-09-2024 02:30,1004.1382,-2.858397,0.6066989,300.27866,48.80549
27-09-2024 03:30,1004.73517,-4.3347454,0.63219464,302.362,48.916386
27-09-2024 04:30,1005.1289,-5.6966567,-0.12325525,303.3689,49.681286
27-09-2024 05:30,1005.1614,-6.2256393,-1.1188241,304.1159,50.507675
27-09-2024 06:30,1004.6205,-6.3602324,-1.9628444,305.20206,51.17984
27-09-2024 07:30,1003.66327,-6.215581,-2.7410374,305.58984,51.92998
27-09-2024 08:30,1002.6258,-5.856781,-3.2513413,305.35162,52.63401
27-09-2024 09:30,1001.7459,-5.2258234,-3.5363805,304.64526,52.83779
27-09-2024 10:30,1001.2522,-4.457762,-3.4179914,303.62054,52.323437
27-09-2024 11:30,1001.20984,-3.654931,-2.5894716,302.06775,51.417706
27-09-2024 12:30,1001.42444,-2.4150593,-1.2975596,300.09845,50.245724
27-09-2024 13:30,1001.8856,-2.1789265,-0.6226053,299.05225,48.96464
27-09-2024 14:30,1002.58795,-2.2108407,-0.09833211,298.708,47.792812
27-09-2024 15:30,1003.2512,-2.2908926,0.26507705,298.42798,46.6676
27-09-2024 16:30,1003.74506,-2.4163103,0.4310606,298.11078,45.901737
27-09-2024 17:30,1003.96674,-2.388731,0.406711,297.82028,45.417324
27-09-2024 18:30,1004.014,-2.2036881,0.24863464,297.5977,44.74484
27-09-2024 19:30,1003.8959,-1.9679558,0.031592846,297.3052,43.649937
27-09-2024 20:30,1003.6189,-1.8366073,-0.18498152,296.90448,42.22642
27-09-2024 21:30,1003.3114,-1.7629395,-0.4230907,296.58997,41.131283
27-09-2024 22:30,1003.11,-1.669089,-0.6663096,296.35547,40.583477
27-09-2024 23:30,1003.1448,-1.556528,-0.9076731,296.099,40.410896
28-09-2024 00:30,1003.45905,-1.4376361,-1.1194733,295.86395,40.535053
28-09-2024 01:30,1004.0616,-1.6043361,-1.6012262,296.86554,40.940594
28-09-2024 02:30,1004.9313,-1.9937675,-1.9289298,298.7745,41.424324
28-09-2024 03:30,1005.7031,-2.9440978,-2.3789444,301.14014,42.001934
28-09-2024 04:30,1006.1046,-2.9889245,-3.5243287,303.31586,42.70471
28-09-2024 05:30,1006.16565,-2.7255068,-4.717459,304.52625,43.641888
28-09-2024 06:30,1005.78076,-2.5392632,-5.429279,305.10773,44.938385
28-09-2024 07:30,1005.02075,-2.5484104,-5.7550826,305.42224,46.625385
28-09-2024 08:30,1004.3116,-2.6198661,-5.8847475,304.957,48.515434
28-09-2024 09:30,1003.7503,-2.5556383,-5.3478518,304.0466,49.952404
28-09-2024 10:30,1003.5458,-2.517036,-4.3105307,302.9514,50.46764
28-09-2024 11:30,1003.7589,-2.447367,-2.9015553,301.97845,50.076824
28-09-2024 12:30,1004.15784,-1.8794608,-1.2346125,300.0601,48.78003
28-09-2024 13:30,1004.8477,-1.8508983,-0.2537887,299.0564,46.85827
28-09-2024 14:30,1005.8022,-1.8674616,0.41546082,298.64508,44.59238
28-09-2024 15:30,1006.5932,-1.8383825,0.6762533,298.2897,42.528885
28-09-2024 16:30,1007.1672,-1.8041843,0.54180425,298.004,41.19934
28-09-2024 17:30,1007.4851,-1.7486578,0.22686997,297.8266,40.447857
28-09-2024 18:30,1007.65204,-1.7562126,-0.12749535,297.4853,40.071575
28-09-2024 19:30,1007.65204,-1.83141,-0.4275958,296.92667,40.023598
28-09-2024 20:30,1007.46954,-1.8895482,-0.5879811,296.68256,40.678944
28-09-2024 21:30,1007.1897,-2.0416684,-0.65230757,296.5372,41.459724
28-09-2024 22:30,1007.01733,-2.1698787,-0.6184735,296.38864,42.36615
28-09-2024 23:30,1007.1267,-2.1370425,-0.46134368,296.26654,43.56912
29-09-2024 00:30,1007.54517,-2.033571,-0.20681769,296.14136,44.350536
29-09-2024 01:30,1008.1716,-2.1569169,0.14342529,297.9588,44.429306
29-09-2024 02:30,1008.9,-2.3120294,0.4782096,300.76993,44.023514
29-09-2024 03:30,1009.3683,-1.968772,0.21470892,303.3622,43.77352
29-09-2024 04:30,1009.508,-1.6003497,-0.6622205,305.41327,43.97725
29-09-2024 05:30,1009.257,-1.3891673,-1.4548448,306.7812,44.306526
29-09-2024 06:30,1008.54626,-1.3134935,-1.925381,307.3711,44.682556
29-09-2024 07:30,1007.5452,-1.3231201,-2.1089141,307.3691,45.13627
29-09-2024 08:30,1006.5792,-1.378189,-2.109052,306.7973,45.542767
29-09-2024 09:30,1005.89764,-1.4087372,-1.928437,305.86844,45.402115
29-09-2024 10:30,1005.6184,-1.3040813,-1.6220663,305.15167,44.605114
29-09-2024 11:30,1005.69226,-1.0513623,-1.2239211,304.5064,43.46436
29-09-2024 12:30,1006.0145,-0.82767224,-0.84791195,301.33636,42.35436
29-09-2024 13:30,1006.71564,-0.7541533,-0.15769392,300.39203,41.44745
29-09-2024 14:30,1007.6738,-0.5801238,0.5749949,299.7677,40.759712
29-09-2024 15:30,1008.3569,-0.23461676,1.1157657,299.22983,40.477974
29-09-2024 16:30,1008.60736,0.21142256,1.3591983,298.4917,40.368492
29-09-2024 17:30,1008.40314,0.70289695,1.2919588,297.9608,40.103
29-09-2024 18:30,1008.03125,1.1420321,0.9254823,297.5406,39.915955
29-09-2024 19:30,1007.6584,1.4542451,0.42261672,297.16083,40.05671
29-09-2024 20:30,1007.27155,1.6276876,-0.109292865,296.8687,40.54178
29-09-2024 21:30,1006.9997,1.5967331,-0.5566231,296.67554,41.08925
29-09-2024 22:30,1006.9597,1.490226,-0.8007666,296.36304,41.449207
29-09-2024 23:30,1007.21906,1.4496465,-0.7715335,296.03577,41.464817
30-09-2024 00:30,1007.6552,1.5200787,-0.44032037,295.7954,41.135902
30-09-2024 01:30,1008.1442,1.5362264,0.054822087,297.32288,40.619743
30-09-2024 02:30,1008.70386,2.208261,0.69132316,299.65134,40.088673
30-09-2024 03:30,1008.96484,2.2011275,0.95087075,301.71918,39.68225
30-09-2024 04:30,1008.8805,2.5492263,0.63967323,303.58344,39.61977
30-09-2024 05:30,1008.6384,2.9735422,-0.12756479,304.84586,39.99477
30-09-2024 06:30,1008.14233,3.2803142,-0.9724523,305.59906,40.541245
30-09-2024 07:30,1007.2997,3.3938122,-1.6057688,305.79907,40.853672
30-09-2024 08:30,1006.4377,3.3098888,-1.9459699,305.79553,40.72835
30-09-2024 09:30,1005.7367,2.9901195,-1.9773753,305.62863,40.134922
30-09-2024 10:30,1005.3586,2.4170916,-1.7007802,305.30792,39.30727
30-09-2024 11:30,1005.2491,2.1805542,-1.5816855,302.75525,38.479176
30-09-2024 12:30,1005.2558,1.3799106,-0.7458216,300.5086,37.91692
30-09-2024 13:30,1005.433,1.2124996,-0.024310231,299.4101,37.66765
30-09-2024 14:30,1005.784,1.2773498,0.6327907,298.85715,37.54291
30-09-2024 15:30,1005.90796,1.6211226,1.0171101,298.3007,37.30874
30-09-2024 16:30,1005.7707,2.0595627,1.096427,297.6628,36.74644
30-09-2024 17:30,1005.3734,2.369151,0.92144465,297.20932,36.01203
30-09-2024 18:30,1004.9596,2.5452585,0.58979034,296.88953,35.324234
30-09-2024 19:30,1004.553,2.6400619,0.30046737,296.60748,35.05824
30-09-2024 20:30,1004.09326,2.6914806,0.06363845,296.49133,35.33942
30-09-2024 21:30,1003.7612,2.669946,-0.1523726,296.35327,36.136436
30-09-2024 22:30,1003.65784,2.6200626,-0.31751633,296.2006,36.855755
30-09-2024 23:30,1003.72064,2.6111248,-0.34052646,296.03967,36.904377
01-10-2024 00:30,1004.02167,2.6097105,-0.27884233,295.776,36.14053
01-10-2024 01:30,1004.6039,2.7538474,-0.22098064,296.6576,34.688038
01-10-2024 02:30,1005.4199,3.5975633,-0.10209525,298.8265,33.109634
01-10-2024 03:30,1005.97546,3.096322,0.325904,301.45233,32.437267
01-10-2024 04:30,1006.1153,3.3798172,-0.66031754,303.5947,33.061344
01-10-2024 05:30,1005.9065,3.6621795,-1.7048879,305.3725,34.51318
01-10-2024 06:30,1005.2668,3.6354265,-2.284595,306.2007,35.9023
01-10-2024 07:30,1004.29706,3.462321,-2.4973412,306.4064,36.994392
01-10-2024 08:30,1003.3107,3.1817818,-2.5546982,306.2628,37.743572
01-10-2024 09:30,1002.48376,2.6828573,-2.3740628,306.43555,37.493557
01-10-2024 10:30,1002.02655,2.5690768,-2.4398816,306.20566,36.353443
01-10-2024 11:30,1001.873,2.0565853,-2.3229117,303.3266,35.042633
01-10-2024 12:30,1001.93787,0.95945275,-1.5502644,300.42883,33.717182
01-10-2024 13:30,1002.27924,0.6722891,-1.3962381,298.9909,32.547363
01-10-2024 14:30,1002.90424,0.4594468,-1.16126,298.40656,31.712221
01-10-2024 15:30,1003.4,0.36720037,-0.9747429,297.84302,31.689363
01-10-2024 16:30,1003.5904,0.31259406,-0.7432188,297.38086,32.15827
01-10-2024 17:30,1003.58844,0.32579607,-0.38970804,296.9171,32.706158
01-10-2024 18:30,1003.57,0.5070962,-0.13837492,296.51,33.20642
01-10-2024 19:30,1003.573,0.75478697,-0.11130047,296.13635,33.439693
01-10-2024 20:30,1003.43445,0.98517776,-0.35253268,295.77386,33.25139
01-10-2024 21:30,1003.3569,1.200254,-0.646066,295.41708,32.625954
01-10-2024 22:30,1003.42365,1.4613903,-0.80417025,295.04935,31.68834
01-10-2024 23:30,1003.69604,1.8227836,-0.7872741,294.7171,30.664509
02-10-2024 00:30,1004.2087,2.2323127,-0.66660714,294.4071,29.64869
02-10-2024 01:30,1004.8116,2.4766788,-0.5113833,295.7765,28.578268
02-10-2024 02:30,1005.45294,3.8515487,-0.616827,298.50967,27.414137
02-10-2024 03:30,1005.7498,3.8335636,-0.45805106,301.39948,26.304497
02-10-2024 04:30,1005.632,4.4703245,-0.8737873,304.06805,25.405863
02-10-2024 05:30,1005.2289,5.12647,-1.9870427,306.0839,24.710825
02-10-2024 06:30,1004.52856,5.0025935,-2.8520803,307.41122,24.336504
02-10-2024 07:30,1003.6096,4.5963154,-3.337212,308.0973,24.423162
02-10-2024 08:30,1002.77075,4.151061,-3.4850361,308.07034,24.860847
02-10-2024 09:30,1002.1188,3.6301212,-3.1273212,307.21008,25.64133
02-10-2024 10:30,1001.7207,3.233777,-2.5580986,306.82004,26.445702
02-10-2024 11:30,1001.614,2.8562868,-1.980604,303.6053,26.852108
02-10-2024 12:30,1001.64404,1.9893419,-0.9201908,300.14294,26.843931
02-10-2024 13:30,1001.9412,2.1351142,-0.21042389,298.65384,26.600874
02-10-2024 14:30,1002.5117,2.2705522,0.51091194,297.94965,26.451698
02-10-2024 15:30,1002.9789,2.5123625,0.96214175,297.28183,26.209017
02-10-2024 16:30,1003.12494,2.7418442,1.0964046,296.65793,25.919483
02-10-2024 17:30,1002.9992,2.8622677,1.0197847,296.14642,26.089949
02-10-2024 18:30,1002.8606,2.8932521,0.81869054,295.74792,26.644072
02-10-2024 19:30,1002.6941,2.8540163,0.5567417,295.39987,27.244722
02-10-2024 20:30,1002.4902,2.7715712,0.25954372,295.06525,27.580952
02-10-2024 21:30,1002.38477,2.8009763,-0.046146214,294.7135,27.236769
02-10-2024 22:30,1002.4238,2.952541,-0.2997383,294.3875,26.15119
02-10-2024 23:30,1002.66986,3.2304378,-0.42757487,294.0487,24.3143
03-10-2024 00:30,1003.15076,3.6035814,-0.44068038,293.6704,22.259565
03-10-2024 01:30,1003.849,4.2636433,-0.4391852,294.54297,20.470352
03-10-2024 02:30,1004.6155,5.2009344,-0.5020974,297.15958,19.275713
03-10-2024 03:30,1005.1153,4.615097,-0.5884726,300.30585,18.57306
03-10-2024 04:30,1005.1925,4.300131,-0.88561386,303.31653,18.43277
03-10-2024 05:30,1004.9049,4.25657,-1.4332488,305.88245,19.05008
03-10-2024 06:30,1004.22705,4.038754,-2.0780036,307.4573,20.051313
03-10-2024 07:30,1003.2333,3.5057945,-2.457627,308.30377,20.700108
03-10-2024 08:30,1002.2297,2.9509702,-2.5086198,308.47525,20.786125
03-10-2024 09:30,1001.45197,2.4322,-2.0987468,309.0222,20.536747
03-10-2024 10:30,1001.07,2.4535513,-1.7658937,309.1518,20.107687
03-10-2024 11:30,1000.98267,2.1665487,-1.5563447,304.2075,19.68605
03-10-2024 12:30,1001.15515,0.9855906,-1.1626751,299.76385,19.350546
03-10-2024 13:30,1001.5862,0.23257619,-0.8702602,297.91644,19.187138
03-10-2024 14:30,1002.27203,-0.44586185,-0.2409679,297.09448,19.084522
03-10-2024 15:30,1002.78656,-0.6494963,0.5050436,296.2382,19.132904
03-10-2024 16:30,1002.9867,-0.5580076,1.1700407,295.4762,19.35492
03-10-2024 17:30,1002.9339,-0.35153538,1.708086,294.83203,19.723
03-10-2024 18:30,1002.82654,0.025841892,2.020328,294.34216,20.279581
03-10-2024 19:30,1002.65436,0.5118239,2.0918238,293.97485,21.014128
03-10-2024 20:30,1002.31805,0.9884994,1.9610547,293.69965,21.771404
03-10-2024 21:30,1002.10846,1.523266,1.6342168,293.4865,22.607054
03-10-2024 22:30,1002.14825,2.0566974,1.1633031,293.3092,23.411718
03-10-2024 23:30,1002.48126,2.4610012,0.6718485,293.1867,24.060108
04-10-2024 00:30,1003.10596,2.6944695,0.24074376,293.12277,24.583378
04-10-2024 01:30,1003.8853,2.978652,-0.14617556,294.93677,25.036129
04-10-2024 02:30,1004.7939,4.026461,-0.632468,298.17947,25.574825
04-10-2024 03:30,1005.4989,3.4931974,-0.94547904,301.4212,26.277426
04-10-2024 04:30,1005.805,3.367138,-1.3602821,304.21045,27.292526
04-10-2024 05:30,1005.78815,3.3798213,-1.9113427,306.2149,28.565496
04-10-2024 06:30,1005.35724,3.07589,-2.3473964,307.97626,29.768274
04-10-2024 07:30,1004.59094,2.73284,-2.5777795,308.6122,30.768068
04-10-2024 08:30,1003.70953,2.423261,-2.6159253,308.7177,31.36172
04-10-2024 09:30,1002.9459,2.0834327,-2.3696315,308.0512,31.627323
04-10-2024 10:30,1002.53656,1.7367147,-1.8393579,309.27368,31.65066
04-10-2024 11:30,1002.52716,1.6473548,-1.6641566,305.0732,31.540936
04-10-2024 12:30,1002.8114,0.4974904,-0.9560321,301.26398,31.46214
04-10-2024 13:30,1003.36597,-0.34625816,-0.12384337,299.8647,31.594322
04-10-2024 14:30,1004.0589,-0.63769615,0.97311705,299.01154,32.109467
04-10-2024 15:30,1004.53876,-0.3977437,1.8640226,298.2044,32.843323
04-10-2024 16:30,1004.7102,0.13689566,2.3587759,297.62997,33.749115
04-10-2024 17:30,1004.6878,0.69486165,2.44182,297.56342,34.639614
04-10-2024 18:30,1004.6485,1.1921926,2.2931623,297.45236,35.43617
04-10-2024 19:30,1004.6122,1.6127937,2.0248013,297.1671,35.904465
04-10-2024 20:30,1004.517,1.9683119,1.7319793,296.84113,35.982258
04-10-2024 21:30,1004.4843,2.2654245,1.3919318,296.34552,35.779263
04-10-2024 22:30,1004.5758,2.557332,0.97836447,295.9977,35.34214
04-10-2024 23:30,1004.85834,2.786785,0.5149852,295.69812,34.607338
05-10-2024 00:30,1005.4011,2.9816504,0.022936404,295.48145,33.87265
05-10-2024 01:30,1006.1361,3.6112366,-0.5403416,296.43408,33.35662
05-10-2024 02:30,1006.9417,4.193238,-1.0884395,298.8152,33.122818
05-10-2024 03:30,1007.6075,3.8675833,-1.1987662,301.85477,33.106937
05-10-2024 04:30,1007.90643,3.9294581,-1.3938098,304.59146,33.326096
05-10-2024 05:30,1007.85187,4.0367713,-1.7543713,306.41074,33.70132
05-10-2024 06:30,1007.41296,3.7730947,-1.8910131,307.95642,34.123093
05-10-2024 07:30,1006.70953,3.4668434,-1.907238,308.4893,34.466526
05-10-2024 08:30,1006.0003,3.0972376,-1.7977542,308.61856,34.575787
05-10-2024 09:30,1005.3594,2.610579,-1.6791515,307.76126,34.309444
05-10-2024 10:30,1004.96326,1.8808689,-1.4330469,308.5298,33.699905
05-10-2024 11:30,1004.9797,1.4843571,-1.4202328,305.03064,32.96469
05-10-2024 12:30,1005.31396,0.60752916,-1.0083076,301.0174,32.26176
05-10-2024 13:30,1005.9405,-0.13972211,-0.50889957,299.69357,31.706572
05-10-2024 14:30,1006.7408,-0.5740447,0.22538364,298.94095,31.331684
05-10-2024 15:30,1007.3723,-0.61293876,0.9654025,298.166,30.66841
05-10-2024 16:30,1007.6735,-0.26076674,1.6046515,297.38806,29.770061
05-10-2024 17:30,1007.6889,0.3550161,2.0168915,296.66745,28.833178
05-10-2024 18:30,1007.5568,1.0956633,2.0611982,296.01266,27.833826
05-10-2024 19:30,1007.3764,1.7879113,1.723953,295.42337,26.810299
05-10-2024 20:30,1007.1819,2.3340847,1.1219383,294.90512,25.825554
05-10-2024 21:30,1007.1986,2.6519632,0.42282903,294.44162,25.54419
05-10-2024 22:30,1007.47546,2.7016866,-0.30211163,294.11365,25.85707
05-10-2024 23:30,1008.0817,2.5272696,-0.95695364,293.81436,26.396072
06-10-2024 00:30,1008.95703,2.2269742,-1.4793918,293.64883,27.223711
06-10-2024 01:30,1009.98694,2.0099463,-1.9683429,294.82034,28.254534
06-10-2024 02:30,1011.0444,2.375299,-3.1314695,297.53372,29.348671
06-10-2024 03:30,1011.6934,1.8090898,-2.981917,300.63428,30.217041
06-10-2024 04:30,1011.77515,1.4924452,-2.9838498,303.67572,30.834875
06-10-2024 05:30,1011.5853,1.2225943,-3.2845814,306.18423,31.358692
06-10-2024 06:30,1011.0075,0.84843326,-3.180192,307.70813,31.72666
06-10-2024 07:30,1010.15875,0.63966465,-2.85343,308.6829,31.930893
06-10-2024 08:30,1009.2943,0.59229404,-2.5333266,308.34213,32.0963
06-10-2024 09:30,1008.66406,0.7176821,-2.4820354,307.50775,32.29956
06-10-2024 10:30,1008.40125,0.7271149,-2.5184896,307.62888,32.550438
06-10-2024 11:30,1008.51294,0.63651675,-3.0159686,303.50342,32.97207
06-10-2024 12:30,1008.8731,0.09562075,-2.7806711,299.34143,33.48836
06-10-2024 13:30,1009.47876,-0.19978744,-3.0934083,297.83698,33.956493
06-10-2024 14:30,1010.1822,-0.37484252,-2.9230564,297.0146,34.25327
06-10-2024 15:30,1010.59845,-0.4439085,-2.4531503,296.3459,33.862545
06-10-2024 16:30,1010.7427,-0.5543876,-1.8391014,295.83414,32.893837
06-10-2024 17:30,1010.767,-0.56815255,-0.96863836,295.40506,31.87885
06-10-2024 18:30,1010.8744,-0.3285045,-0.10200846,294.96246,31.02794
06-10-2024 19:30,1011.00507,0.15477479,0.47010708,294.4925,30.340792
06-10-2024 20:30,1011.0806,0.7378231,0.66465867,294.02567,29.72528
06-10-2024 21:30,1011.1912,1.1804669,0.46546364,293.58826,29.312197
06-10-2024 22:30,1011.382,1.4114848,0.028996885,293.18655,29.031252
06-10-2024 23:30,1011.7067,1.515246,-0.35078514,292.82568,28.73483
07-10-2024 00:30,1012.1654,1.5310227,-0.61870354,292.5007,28.407309
07-10-2024 01:30,1012.74084,1.331861,-0.7060422,294.14795,27.992598
07-10-2024 02:30,1013.3794,1.4822986,-0.9895263,297.66006,27.570652
07-10-2024 03:30,1013.88025,1.1892151,-0.84070903,300.89777,27.532078
07-10-2024 04:30,1014.025,0.8221962,-1.3528907,304.32523,27.891758
07-10-2024 05:30,1013.90204,0.91773653,-1.8139942,306.82394,28.493444
07-10-2024 06:30,1013.2575,1.0306169,-2.0507455,307.64297,29.09539
07-10-2024 07:30,1012.21674,1.0201712,-2.096941,308.1978,29.47738
07-10-2024 08:30,1011.1331,0.9504131,-2.0724874,307.9428,29.625967
07-10-2024 09:30,1010.339,0.76817584,-2.005446,306.90652,29.440117
07-10-2024 10:30,1009.9604,0.4416812,-1.8153569,307.35394,28.947918
07-10-2024 11:30,1009.8733,0.07739648,-1.8959086,303.67905,28.329756
07-10-2024 12:30,1010.09106,-0.8070338,-1.4093176,299.27222,27.773405
07-10-2024 13:30,1010.7008,-1.667279,-0.9586373,297.68018,27.366074
07-10-2024 14:30,1011.4936,-2.0696247,-0.37493068,296.86838,27.178438
07-10-2024 15:30,1011.9807,-2.0661201,0.28099602,296.22418,27.076036
07-10-2024 16:30,1012.1554,-1.7471672,0.939397,295.674,26.919909
07-10-2024 17:30,1012.1359,-1.2088028,1.4935918,295.16257,26.700413
07-10-2024 18:30,1012.09674,-0.55867386,1.8939564,294.67267,26.48071
07-10-2024 19:30,1012.0136,0.09263492,2.0925372,294.21954,26.324116
07-10-2024 20:30,1011.8103,0.6347835,2.1223984,293.7898,26.32465
07-10-2024 21:30,1011.6061,0.9380809,1.9667827,293.4025,26.660536
07-10-2024 22:30,1011.4637,1.063171,1.7419324,293.0916,27.222612
07-10-2024 23:30,1011.5706,1.1187974,1.5403755,292.8313,27.823898
08-10-2024 00:30,1011.97534,1.127285,1.3653924,292.61377,28.393991
08-10-2024 01:30,1012.58875,1.0074427,1.1076529,294.25354,28.88648
08-10-2024 02:30,1013.2966,1.110736,1.1689427,297.82962,29.316463
08-10-2024 03:30,1013.7983,0.741297,1.0678767,301.12103,28.95744
08-10-2024 04:30,1013.88135,0.600351,1.173104,304.51608,28.121817
08-10-2024 05:30,1013.5845,0.54894984,0.9107307,306.87457,27.450104
08-10-2024 06:30,1012.8278,0.56400585,0.5285869,308.0551,26.83333
08-10-2024 07:30,1011.78107,0.58459127,0.1371714,308.48584,26.22475
08-10-2024 08:30,1010.65546,0.48969448,-0.21413556,308.1081,25.600657
08-10-2024 09:30,1009.81384,0.38485718,-0.6559355,307.22745,25.476456
08-10-2024 10:30,1009.40826,0.2490499,-1.0965059,307.14188,25.61708
08-10-2024 11:30,1009.29297,-0.034159064,-1.4275936,303.3991,25.593023
08-10-2024 12:30,1009.39594,-0.9224311,-1.1781436,298.91632,25.483871
08-10-2024 13:30,1009.79865,-1.7753236,-0.86412144,297.20163,25.37432
08-10-2024 14:30,1010.4286,-2.1403685,-0.34807485,296.30286,25.303822
08-10-2024 15:30,1010.83295,-2.129115,0.18804762,295.57394,25.264975
08-10-2024 16:30,1010.8703,-1.8418381,0.6599121,294.98615,25.147459
08-10-2024 17:30,1010.65717,-1.3891909,0.9930731,294.47095,24.990969
08-10-2024 18:30,1010.4111,-0.8958782,1.097632,294.0153,24.866228
08-10-2024 19:30,1010.0731,-0.47909817,0.92735946,293.62122,24.795856
08-10-2024 20:30,1009.6222,-0.25906578,0.4987769,293.30554,24.772623
08-10-2024 21:30,1009.28625,-0.26998338,0.093545556,292.98993,25.093452
08-10-2024 22:30,1009.1895,-0.3802623,-0.17701948,292.70554,25.703236
08-10-2024 23:30,1009.3986,-0.41909447,-0.28980714,292.45947,26.320423
09-10-2024 00:30,1009.83795,-0.31898448,-0.2546293,292.3435,26.898352
09-10-2024 01:30,1010.39905,-0.056635827,-0.13663822,294.0189,27.452845
09-10-2024 02:30,1011.01154,0.32833165,-0.07273704,298.3567,28.09352
09-10-2024 03:30,1011.4755,0.60511214,-0.078861624,300.96307,28.695345
09-10-2024 04:30,1011.5047,0.83997893,-0.6391504,303.68503,29.242643
09-10-2024 05:30,1011.1928,1.2128284,-1.6699833,305.61176,29.821327
09-10-2024 06:30,1010.46814,1.2088581,-2.004643,306.83362,30.298218
09-10-2024 07:30,1009.5232,1.0392191,-2.1863313,306.6141,30.73568
09-10-2024 08:30,1008.6116,0.8013743,-2.2360632,306.89944,31.173086
09-10-2024 09:30,1007.88617,0.607982,-2.325449,306.44183,31.454166
09-10-2024 10:30,1007.47015,0.39208576,-2.187984,305.88794,31.492868
09-10-2024 11:30,1007.3972,0.2775733,-2.1604915,302.86472,31.469011
09-10-2024 12:30,1007.5708,-0.22931206,-1.4871556,298.9275,31.398268
09-10-2024 13:30,1008.05554,-0.5926497,-1.0924295,297.59253,31.319742
09-10-2024 14:30,1008.6994,-0.6431811,-0.60519356,296.93948,31.288157
09-10-2024 15:30,1009.187,-0.32538185,-0.013788477,296.33038,31.412834
09-10-2024 16:30,1009.3892,0.24920756,0.53462315,295.7313,31.459673
09-10-2024 17:30,1009.2775,0.83555496,0.9027946,295.14,31.303688
09-10-2024 18:30,1008.9998,1.3473557,1.0412042,294.59454,31.054277
09-10-2024 19:30,1008.6268,1.756355,0.9600331,294.12177,30.796326
09-10-2024 20:30,1008.1692,2.0513294,0.7289053,293.70386,30.655552
09-10-2024 21:30,1007.8794,2.1786098,0.35007071,293.38275,30.491652
09-10-2024 22:30,1007.82916,2.1749346,-0.104062796,293.0157,30.437424
09-10-2024 23:30,1008.0701,2.0988233,-0.50802636,292.72412,30.672476
10-10-2024 00:30,1008.617,1.9927261,-0.8620387,292.46747,31.313965
10-10-2024 01:30,1009.25366,1.7552974,-1.0522711,293.886,32.338276
10-10-2024 02:30,1009.99414,1.9430035,-1.4171231,297.64642,33.4483
10-10-2024 03:30,1010.5593,1.7245193,-1.3125885,300.9739,33.713676
10-10-2024 04:30,1010.59656,1.8231326,-1.9314746,304.58612,33.16652
10-10-2024 05:30,1010.2015,2.1577704,-2.2272825,306.33072,32.431694
10-10-2024 06:30,1009.37964,2.2478118,-2.1898613,307.34393,31.79957
10-10-2024 07:30,1008.4319,2.2271318,-2.1376855,307.8211,31.27684
10-10-2024 08:30,1007.5343,2.1323357,-2.1320462,307.67883,30.70693
10-10-2024 09:30,1006.9914,1.9955301,-2.0621474,306.85825,30.433811
10-10-2024 10:30,1006.86743,1.7275822,-1.7593112,307.10123,30.324469
10-10-2024 11:30,1007.0053,1.6883838,-1.694587,303.0038,29.97261
10-10-2024 12:30,1007.30695,1.0847923,-1.2471337,298.7513,29.238321
10-10-2024 13:30,1007.9004,0.9600664,-1.1714432,297.28427,28.136278
10-10-2024 14:30,1008.66876,0.9753648,-1.1437006,296.42255,26.706724
10-10-2024 15:30,1009.18866,1.1375555,-1.3068455,295.55206,25.183405
10-10-2024 16:30,1009.3645,1.2893552,-1.5745735,294.7157,23.590565
10-10-2024 17:30,1009.2349,1.3493392,-1.8106418,293.8883,21.786219
10-10-2024 18:30,1008.9992,1.3745542,-1.9933298,293.06256,19.83286
10-10-2024 19:30,1008.69476,1.3876925,-2.1069853,292.2743,17.918707
10-10-2024 20:30,1008.3759,1.3444493,-2.1443703,291.52875,16.286242
10-10-2024 21:30,1008.15564,1.2943767,-2.015742,290.86542,15.248119
10-10-2024 22:30,1008.10175,1.3133394,-1.6970284,290.30383,14.895992
10-10-2024 23:30,1008.325,1.4932597,-1.3057623,289.82788,15.121175
11-10-2024 00:30,1008.77985,1.812584,-0.9423971,289.46396,15.671453
11-10-2024 01:30,1009.4334,2.0285108,-0.60453624,291.00888,16.152403
11-10-2024 02:30,1010.1146,2.541538,-0.4250852,295.45926,16.387753
11-10-2024 03:30,1010.587,2.447908,-0.21918571,298.9377,16.46551
11-10-2024 04:30,1010.60626,2.2514257,-0.4658904,302.4369,16.637222
11-10-2024 05:30,1010.2991,2.7839625,-1.5788575,305.6828,17.060223
11-10-2024 06:30,1009.60266,2.670449,-2.1265574,306.85284,17.490261
11-10-2024 07:30,1008.6994,2.3958812,-2.4646034,307.3606,17.874147
11-10-2024 08:30,1007.80396,2.1635904,-2.7225332,307.10364,18.273338
11-10-2024 09:30,1007.13654,1.9349128,-2.7685952,305.9878,18.562561
11-10-2024 10:30,1006.86383,1.6511877,-2.518517,305.59296,18.664389
11-10-2024 11:30,1006.90625,1.3142011,-2.1500058,301.60275,18.624695
11-10-2024 12:30,1007.1385,0.808707,-1.5960709,296.98303,18.490816
11-10-2024 13:30,1007.5658,0.63240784,-1.0995826,295.47916,18.264107
11-10-2024 14:30,1008.09924,0.6638091,-0.3698761,294.6848,17.943848
11-10-2024 15:30,1008.49225,0.92468476,0.37874135,293.87793,17.780056
11-10-2024 16:30,1008.7553,1.3216382,0.9659527,293.1189,17.679035
11-10-2024 17:30,1008.89594,1.7199414,1.2950449,292.4392,17.49236
11-10-2024 18:30,1009.0144,2.0626733,1.4187742,291.81897,17.273933
11-10-2024 19:30,1009.02704,2.3531053,1.3170584,291.27588,17.008274
11-10-2024 20:30,1008.83575,2.5899565,0.99820274,290.7691,16.69625
11-10-2024 21:30,1008.5709,2.68049,0.5375624,290.2963,16.345543
11-10-2024 22:30,1008.4414,2.6339462,0.07793506,289.86957,16.029718
11-10-2024 23:30,1008.52716,2.4940853,-0.29557067,289.4691,15.79195
12-10-2024 00:30,1008.8283,2.301038,-0.556828,289.08826,15.666461
12-10-2024 01:30,1009.3351,2.0560107,-0.6099045,290.56772,15.694115
12-10-2024 02:30,1010.04596,1.9775906,-0.5164955,295.8141,15.862815
12-10-2024 03:30,1010.8011,1.75653,-0.11734636,298.86957,16.058819
12-10-2024 04:30,1011.2107,1.5649296,0.21437904,302.3479,16.238632
12-10-2024 05:30,1011.3166,2.3270254,-0.11480138,305.5806,16.543173
12-10-2024 06:30,1011.0097,2.7078013,-0.47814953,307.19415,16.817009
12-10-2024 07:30,1010.3775,2.7297525,-0.6506226,307.7522,17.05161
12-10-2024 08:30,1009.5853,2.6191864,-0.8124111,307.45715,17.207914
12-10-2024 09:30,1008.95166,2.2418616,-1.0910577,306.72473,17.24679
12-10-2024 10:30,1008.5971,1.9073584,-1.3372834,306.4882,17.035692
12-10-2024 11:30,1008.46185,1.2094077,-1.3422768,301.57227,16.629433
12-10-2024 12:30,1008.5494,0.11818731,-1.3048402,296.61334,16.200075
12-10-2024 13:30,1009.0087,-0.73405313,-0.9430434,294.86374,15.942888
12-10-2024 14:30,1009.67,-1.3233091,-0.2588656,293.91315,15.84222
12-10-2024 15:30,1010.0643,-1.4541948,0.57633895,293.0322,15.806353
12-10-2024 16:30,1010.20776,-1.1876888,1.3671174,292.21826,15.8168
12-10-2024 17:30,1010.1397,-0.6892067,1.9418429,291.4785,15.890098
12-10-2024 18:30,1009.9972,-0.09145546,2.2224643,290.83087,16.014538
12-10-2024 19:30,1009.8244,0.52215946,2.1921782,290.27173,16.197754
12-10-2024 20:30,1009.53577,1.0805793,1.9150466,289.80612,16.446985
12-10-2024 21:30,1009.327,1.5326269,1.5650789,289.4131,16.85337
12-10-2024 22:30,1009.37805,1.922122,1.2113862,289.14874,17.360989
12-10-2024 23:30,1009.7581,2.254711,0.8167231,288.9419,17.884129
13-10-2024 00:30,1010.3493,2.4639757,0.4194168,288.77155,18.360643
13-10-2024 01:30,1010.9614,2.3758945,0.084732085,290.25427,18.672607
13-10-2024 02:30,1011.55554,2.7314842,-0.20254147,295.03683,18.914772
13-10-2024 03:30,1012.01404,2.0533297,-0.20026734,298.91745,19.23527
13-10-2024 04:30,1012.06775,1.5914831,-0.07730872,302.7996,19.656893
13-10-2024 05:30,1011.9118,1.4415467,-0.17374066,305.77673,20.274155
13-10-2024 06:30,1011.492,1.2171185,-0.4886471,308.0195,21.055857
13-10-2024 07:30,1010.7983,1.1116779,-0.7046965,308.7563,21.954666
13-10-2024 08:30,1010.0472,0.9824574,-0.8117145,308.086,22.837315
13-10-2024 09:30,1009.392,0.7832663,-1.0521806,306.96637,23.44659
13-10-2024 10:30,1008.96655,0.47494888,-1.1440556,307.12213,23.603264
13-10-2024 11:30,1008.8434,0.031051397,-0.98040605,302.28278,23.487999
13-10-2024 12:30,1008.96375,-0.95824003,-0.46136716,297.49072,23.300846
13-10-2024 13:30,1009.41455,-1.6500032,0.31040883,295.68454,23.167675
13-10-2024 14:30,1010.04047,-1.7614903,1.1945072,294.7282,23.206203
13-10-2024 15:30,1010.4817,-1.3768666,2.0790186,293.95276,24.29193
13-10-2024 16:30,1010.7779,-0.62540793,2.7070413,293.48004,26.291277
13-10-2024 17:30,1010.8892,0.19217253,2.885341,293.2398,28.548502
13-10-2024 18:30,1010.94104,0.8644676,2.72109,293.1363,30.75869
13-10-2024 19:30,1010.9217,1.3728573,2.4171705,293.0817,32.656322
13-10-2024 20:30,1010.7572,1.6502602,2.057747,293.69336,34.140175
13-10-2024 21:30,1010.66516,1.7735939,1.7287047,293.86273,34.49944
13-10-2024 22:30,1010.63495,1.8754134,1.4427385,293.59982,33.702892
13-10-2024 23:30,1010.85815,2.0231733,1.1434445,293.3474,32.56244
14-10-2024 00:30,1011.2986,2.1662161,0.82438433,292.8438,31.328033
14-10-2024 01:30,1011.8457,2.1678777,0.45079958,293.71686,30.164509
14-10-2024 02:30,1012.50586,2.8958602,0.1030156,297.1399,29.212166
14-10-2024 03:30,1013.03546,2.170866,-0.16283882,300.912,27.923752
14-10-2024 04:30,1013.2517,2.099288,-0.25918603,304.43787,26.377274
14-10-2024 05:30,1013.065,1.7375379,-0.89595306,306.6135,24.979263
14-10-2024 06:30,1012.37115,1.5061506,-1.7390568,307.24075,23.713898
14-10-2024 07:30,1011.3773,1.3009466,-2.4573107,307.77722,22.353912
14-10-2024 08:30,1010.39264,1.1248559,-2.9940202,307.38214,20.722017
14-10-2024 09:30,1009.6319,0.9798625,-3.187232,306.0667,19.549498
14-10-2024 10:30,1009.1741,0.85614926,-2.9655333,305.67548,19.205246
14-10-2024 11:30,1009.01117,0.49939772,-2.523335,301.08038,19.259918
14-10-2024 12:30,1009.09717,-0.19198662,-2.1475575,296.5855,19.431644
14-10-2024 13:30,1009.6386,-0.5118457,-1.8755207,295.22992,19.81319
14-10-2024 14:30,1010.3137,-0.53146696,-1.4912018,294.5774,20.380053
14-10-2024 15:30,1010.7363,-0.41105938,-0.97360444,294.045,20.97255
14-10-2024 16:30,1010.9025,-0.23021358,-0.3529758,293.5705,21.487625
14-10-2024 17:30,1010.8057,0.10118526,0.29446667,293.0756,21.8717
14-10-2024 18:30,1010.6355,0.45453358,0.79208773,292.59235,22.130411
14-10-2024 19:30,1010.44104,0.7885234,1.1333965,292.13306,22.203123
14-10-2024 20:30,1010.14984,1.0769694,1.265106,291.7077,22.077978
14-10-2024 21:30,1009.90295,1.2478094,1.231123,291.30383,21.657
14-10-2024 22:30,1009.73126,1.3253611,1.1370499,290.86115,20.851852
14-10-2024 23:30,1009.83,1.4129177,1.0186828,290.3751,19.719376
15-10-2024 00:30,1010.2432,1.5386454,0.8156483,289.886,18.610449
15-10-2024 01:30,1010.8307,1.62768,0.51514035,291.0911,17.765177
15-10-2024 02:30,1011.4601,1.8185747,0.26260963,296.16467,17.226082
15-10-2024 03:30,1011.8848,1.764164,0.14246902,299.49316,16.803602
15-10-2024 04:30,1011.85034,2.0190582,-0.43347824,303.36823,16.427809
15-10-2024 05:30,1011.54333,2.3088534,-1.6519291,306.20724,16.231453
15-10-2024 06:30,1010.91547,2.1444082,-2.5457008,307.47595,16.091557
15-10-2024 07:30,1010.0789,1.9184815,-3.0909142,307.59125,15.972446
15-10-2024 08:30,1009.21265,1.6319772,-3.3186255,307.4895,15.832188
15-10-2024 09:30,1008.51874,1.3705242,-3.305162,306.15472,15.676822
15-10-2024 10:30,1008.11774,1.1536715,-3.0855384,305.65137,15.562892
15-10-2024 11:30,1008.0175,0.6153777,-2.4086328,300.92456,15.566126
15-10-2024 12:30,1008.15045,-0.014419198,-1.9368259,296.17676,15.646614
15-10-2024 13:30,1008.58154,-0.24241489,-1.3474429,294.7788,15.724438
15-10-2024 14:30,1009.14844,-0.102279514,-0.6050116,294.02493,15.705077
15-10-2024 15:30,1009.52423,0.26690006,0.01750362,293.28354,15.625426
15-10-2024 16:30,1009.6183,0.66713077,0.3698995,292.62955,15.58853
15-10-2024 17:30,1009.38586,1.0023053,0.5364034,291.97977,15.497181
15-10-2024 18:30,1008.95435,1.3246276,0.6181215,291.3844,15.427567
15-10-2024 19:30,1008.4763,1.6063817,0.6506759,290.84113,15.511789
15-10-2024 20:30,1007.92194,1.9458613,0.5411217,290.34967,15.815127
15-10-2024 21:30,1007.5876,2.3083386,0.43614447,289.9099,16.346018
15-10-2024 22:30,1007.65625,2.643645,0.39768815,289.5002,16.93741
15-10-2024 23:30,1008.1225,2.8928506,0.3541137,289.1155,17.33527
16-10-2024 00:30,1008.8192,3.012544,0.31269008,288.72946,17.44455
16-10-2024 01:30,1009.54456,2.923719,0.24369377,289.75656,17.313135
16-10-2024 02:30,1010.3187,3.0548487,0.07606107,294.5251,17.118755
16-10-2024 03:30,1010.96265,2.8963861,0.13501185,298.52936,17.52587
16-10-2024 04:30,1011.0123,2.1776729,0.27761704,302.6896,18.65172
16-10-2024 05:30,1010.60815,2.4706235,-0.33167738,306.42233,20.089203
16-10-2024 06:30,1009.83124,2.413497,-0.979364,308.38513,21.519611
16-10-2024 07:30,1008.9185,1.979426,-1.1162059,309.0481,22.747694
16-10-2024 08:30,1007.9636,1.4982483,-1.0446916,308.94684,23.716143
16-10-2024 09:30,1007.2056,1.1926222,-1.1160243,308.2248,23.757679
16-10-2024 10:30,1006.84076,1.2335808,-1.4078537,307.21515,23.249935
16-10-2024 11:30,1006.7551,0.7282295,-1.2424982,302.59485,22.914474
16-10-2024 12:30,1006.87805,-0.10169949,-0.8322052,298.82578,22.790333
16-10-2024 13:30,1007.3677,-0.6395003,-0.2120192,297.66116,22.838076
16-10-2024 14:30,1008.0005,-0.9514457,0.57249606,296.85187,22.808714
16-10-2024 15:30,1008.53326,-1.0010616,1.3924763,296.00497,23.22501
16-10-2024 16:30,1008.91376,-0.81708187,2.0259802,295.3109,23.85084
16-10-2024 17:30,1009.03564,-0.431902,2.377596,294.70142,24.179253
16-10-2024 18:30,1008.9903,0.06854421,2.4850123,294.01535,24.280876
16-10-2024 19:30,1008.90686,0.59158105,2.3908367,293.11862,24.218794
16-10-2024 20:30,1008.6372,1.1167718,2.1013412,292.69745,24.047691
16-10-2024 21:30,1008.27484,1.5062761,1.6712132,292.3173,23.454159
16-10-2024 22:30,1008.09924,1.7518439,1.2031664,291.68414,22.579525
16-10-2024 23:30,1008.2523,1.892137,0.7830148,290.91022,21.759224
17-10-2024 00:30,1008.73346,1.9191269,0.42302585,290.45203,21.134035
17-10-2024 01:30,1009.37,1.7963303,0.10282534,291.52032,20.73539
17-10-2024 02:30,1010.03217,1.5596635,-0.16221935,296.86517,20.45368
17-10-2024 03:30,1010.6145,1.3803744,-0.11427528,300.4316,20.48408
17-10-2024 04:30,1010.7894,1.19614,0.13648725,303.88977,20.780416
17-10-2024 05:30,1010.59204,1.4865022,0.23151088,307.35608,21.240902
17-10-2024 06:30,1010.0364,1.9788287,-0.22153807,308.9856,21.70136
17-10-2024 07:30,1009.23615,1.9996312,-0.72034067,309.27264,22.114857
17-10-2024 08:30,1008.29095,1.7100999,-1.0983162,308.8106,22.387604
17-10-2024 09:30,1007.5692,1.209908,-1.3003373,310.3185,22.230232
17-10-2024 10:30,1007.1919,0.8593202,-1.520451,307.6905,22.001999
17-10-2024 11:30,1007.14014,-0.09103471,-1.2629718,302.67175,22.040344
17-10-2024 12:30,1007.3223,-1.4064002,-1.0410893,297.80603,22.147863
17-10-2024 13:30,1007.86237,-2.231463,-0.54561925,296.18832,22.30308
17-10-2024 14:30,1008.4611,-2.6207178,0.11255536,295.20703,22.34161
17-10-2024 15:30,1008.77966,-2.6724718,0.75236565,294.40845,22.254206
17-10-2024 16:30,1008.96765,-2.4944735,1.33003,293.7683,22.112844
17-10-2024 17:30,1008.9902,-2.1559849,1.8568078,293.2085,21.941086
17-10-2024 18:30,1008.9073,-1.76846,2.2697127,292.71387,21.762001
17-10-2024 19:30,1008.7607,-1.3835329,2.5153377,292.27435,21.543695
17-10-2024 20:30,1008.5553,-0.9430632,2.577927,291.88275,21.278713
17-10-2024 21:30,1008.3549,-0.43885678,2.5009243,291.52493,20.93383
17-10-2024 22:30,1008.262,0.1618532,2.3240683,291.15424,20.550167
17-10-2024 23:30,1008.52673,0.8692635,2.0117636,290.8083,20.197502
18-10-2024 00:30,1009.0382,1.3944123,1.5626723,290.5005,19.930841
18-10-2024 01:30,1009.63916,1.5747123,1.0171447,291.56335,19.906256
18-10-2024 02:30,1010.34534,1.5698878,0.45326215,296.6704,20.240791
18-10-2024 03:30,1010.8889,1.0838463,-0.034536898,300.3824,20.927486
18-10-2024 04:30,1011.0034,0.61088616,-0.20480973,304.3323,21.848505
18-10-2024 05:30,1010.7829,1.1035246,-0.101762,307.9401,22.824045
18-10-2024 06:30,1010.09216,1.3796221,-0.46129805,309.84784,23.573292
18-10-2024 07:30,1009.10706,1.1283495,-1.0856626,310.35382,24.065372
18-10-2024 08:30,1008.1611,0.75685346,-1.4185174,310.03943,24.361237
18-10-2024 09:30,1007.51984,0.5368997,-1.5519204,308.54755,24.56437
18-10-2024 10:30,1007.2114,0.4468603,-1.6408913,307.83347,24.619684
18-10-2024 11:30,1007.22327,-0.018953681,-1.5830469,302.91205,24.53449
18-10-2024 12:30,1007.52655,-1.038553,-1.7312152,298.193,24.324528
18-10-2024 13:30,1008.1316,-1.791949,-1.5159981,296.6766,24.058012
18-10-2024 14:30,1008.7564,-2.2029958,-0.989189,295.7476,23.792498
18-10-2024 15:30,1009.1125,-2.2604003,-0.258434,294.96097,23.403872
18-10-2024 16:30,1009.26685,-1.9564545,0.6525044,294.2375,22.99223
18-10-2024 17:30,1009.1842,-1.3650928,1.5184333,293.60434,22.736576
18-10-2024 18:30,1009.02734,-0.6381792,2.0460327,293.04214,22.666147
18-10-2024 19:30,1008.91846,0.10193157,2.146585,292.57663,22.721054
18-10-2024 20:30,1008.7458,0.8253399,1.855213,292.17972,22.80005
18-10-2024 21:30,1008.62415,1.4060781,1.4130232,291.84097,23.1289
18-10-2024 22:30,1008.6889,1.7846792,1.0107012,291.59396,23.69243
18-10-2024 23:30,1009.0683,1.9802984,0.73315215,291.37512,24.316631
19-10-2024 00:30,1009.73706,2.0666099,0.60532236,291.16318,24.971775
19-10-2024 01:30,1010.50977,2.0231795,0.56023383,292.1701,25.579618
19-10-2024 02:30,1011.1975,2.5132542,0.6687751,296.33752,26.068872
19-10-2024 03:30,1011.598,1.9956896,0.43919158,300.20007,26.36488
19-10-2024 04:30,1011.5441,2.147114,-0.034672618,304.10745,26.565142
19-10-2024 05:30,1011.0602,2.9089532,-0.5043113,307.23758,26.758389
19-10-2024 06:30,1010.16705,3.1237864,-1.09807,308.90305,26.819399
19-10-2024 07:30,1009.1181,2.8100305,-1.6943486,309.75705,26.865868
19-10-2024 08:30,1008.1755,2.3393054,-2.2221446,309.53735,26.849354
19-10-2024 09:30,1007.47296,1.7710471,-2.476623,308.48608,26.474062
19-10-2024 10:30,1007.0325,1.3935312,-2.571272,307.43375,25.723515
19-10-2024 11:30,1006.95825,0.4562055,-2.1041436,302.6723,24.902346
19-10-2024 12:30,1007.2682,-0.7878685,-2.2519903,298.17993,24.19077
19-10-2024 13:30,1007.9617,-1.5645326,-1.8952609,296.7599,23.659275
19-10-2024 14:30,1008.7351,-1.8794273,-1.2189592,295.85614,23.276701
19-10-2024 15:30,1009.25885,-1.9469794,-0.4055252,295.08307,23.011396
19-10-2024 16:30,1009.5538,-1.8292004,0.46386576,294.37823,22.769426
19-10-2024 17:30,1009.5661,-1.434902,1.2411752,293.76785,22.511639
19-10-2024 18:30,1009.35187,-0.82931507,1.7164513,293.20435,22.191029
19-10-2024 19:30,1009.09125,-0.17766577,1.8234048,292.67667,21.76854
19-10-2024 20:30,1008.8205,0.37364498,1.5371926,292.1568,21.276197
19-10-2024 21:30,1008.7406,0.755738,1.1251057,291.67175,21.00196
19-10-2024 22:30,1008.96063,0.94042414,0.7904474,291.21387,20.892319
19-10-2024 23:30,1009.4903,0.9515896,0.61565566,290.7948,20.837982
20-10-2024 00:30,1010.2566,0.88498235,0.6251768,290.40814,20.823206
20-10-2024 01:30,1011.0611,0.80370367,0.72443384,291.21854,20.815424
20-10-2024 02:30,1011.7774,0.6683011,0.8417572,296.1123,20.816883
20-10-2024 03:30,1012.3122,0.33310294,0.868433,299.44077,20.458076
20-10-2024 04:30,1012.438,0.003440857,0.7770594,303.3379,19.91214
20-10-2024 05:30,1012.1386,0.20111513,0.882982,306.95,19.608982
20-10-2024 06:30,1011.4182,0.42655027,0.5393717,309.79358,19.383127
20-10-2024 07:30,1010.53455,0.4600886,-0.047846556,310.52307,19.23572
20-10-2024 08:30,1009.7236,0.3590163,-0.7170365,310.21948,19.080406
20-10-2024 09:30,1009.2583,0.16767776,-1.306195,309.3397,19.433516
20-10-2024 10:30,1009.1203,-0.032963276,-1.7980732,307.17157,20.216476
20-10-2024 11:30,1009.2312,-0.6668366,-1.9070355,301.74683,21.069305
20-10-2024 12:30,1009.60974,-1.8434154,-2.3716166,297.21518,22.039299
20-10-2024 13:30,1010.28705,-2.45787,-2.1058497,296.0083,23.017004
20-10-2024 14:30,1011.02155,-2.6781273,-1.5762651,295.28656,23.914932
20-10-2024 15:30,1011.5027,-2.6843853,-0.9621371,294.74417,24.05534
20-10-2024 16:30,1011.6816,-2.6035998,-0.3182443,294.05157,23.640762
20-10-2024 17:30,1011.5817,-2.3967268,0.2623686,293.4494,23.295984
20-10-2024 18:30,1011.33954,-2.0980606,0.6955323,292.90253,23.17013
20-10-2024 19:30,1011.11334,-1.7747984,0.9204868,292.48285,23.30253
20-10-2024 20:30,1010.8361,-1.5057302,0.9323733,292.10886,23.638533
20-10-2024 21:30,1010.7011,-1.2432102,0.8025149,291.7754,24.72324
20-10-2024 22:30,1010.8569,-0.97561127,0.6492573,291.54333,26.269306
20-10-2024 23:30,1011.3086,-0.7324892,0.5356749,291.34305,27.57384
21-10-2024 00:30,1011.8664,-0.58681935,0.49862066,291.1518,28.379133
21-10-2024 01:30,1012.4238,-0.44400313,0.552158,292.0235,28.638298
21-10-2024 02:30,1012.97266,-0.39194712,0.75745153,295.92413,28.418835
21-10-2024 03:30,1013.34186,-0.42561448,0.8236978,299.50525,27.598694
21-10-2024 04:30,1013.257,-0.25746962,0.8670249,303.3978,26.716871
21-10-2024 05:30,1012.7443,0.06545964,0.8493488,306.48685,26.170862
21-10-2024 06:30,1011.83826,0.29019195,0.64195937,307.78253,25.796549
21-10-2024 07:30,1010.75073,0.44141036,0.28320083,308.70837,25.57826
21-10-2024 08:30,1009.74884,0.41445327,-0.22864302,308.6095,25.430218
21-10-2024 09:30,1009.04877,0.16348408,-0.8820847,307.46313,25.547716
21-10-2024 10:30,1008.71436,-0.27721345,-1.3666115,306.56018,25.735529
21-10-2024 11:30,1008.723,-0.85855025,-1.4003878,301.87845,25.610914
21-10-2024 12:30,1009.1021,-1.9542919,-1.4126278,297.92566,25.415909
21-10-2024 13:30,1009.8334,-2.6856556,-1.0512213,296.77582,25.30658
21-10-2024 14:30,1010.6467,-2.9751725,-0.52377546,296.13058,25.314281
21-10-2024 15:30,1011.233,-2.973452,0.017727107,295.58057,25.297422
21-10-2024 16:30,1011.57477,-2.7751675,0.6100412,295.05682,25.077948
21-10-2024 17:30,1011.64185,-2.4244332,1.2355752,294.55865,24.702608
21-10-2024 18:30,1011.50586,-1.9595757,1.7684277,294.09247,24.265093
21-10-2024 19:30,1011.27374,-1.414745,2.1351411,293.6155,23.84341
21-10-2024 20:30,1011.01013,-0.81160164,2.3403862,293.15482,23.421602
21-10-2024 21:30,1010.86017,-0.2879684,2.2986345,292.67365,23.05466
21-10-2024 22:30,1010.98126,0.11223841,2.0081055,292.20657,22.83642
21-10-2024 23:30,1011.4803,0.32089436,1.5139352,291.77704,22.829252
22-10-2024 00:30,1012.29724,0.18919706,0.85098684,291.3754,23.064478
22-10-2024 01:30,1013.1918,-0.30928564,0.17512357,292.08008,23.425001
22-10-2024 02:30,1014.0227,-1.1492177,-0.28230262,296.2291,23.723248
22-10-2024 03:30,1014.5734,-1.6643742,-0.18661475,299.2037,23.591873
22-10-2024 04:30,1014.545,-1.7615085,0.15601265,303.14636,23.16339
22-10-2024 05:30,1014.0117,-1.3620734,0.2316314,306.4368,22.757256
22-10-2024 06:30,1013.03815,-0.6730584,-0.14396441,308.06662,22.460243
22-10-2024 07:30,1011.943,-0.11199945,-0.8909889,308.67877,22.225693
22-10-2024 08:30,1011.0239,0.13055867,-1.6485436,308.25275,21.983444
22-10-2024 09:30,1010.4478,0.13497329,-2.121173,306.5254,21.788332
22-10-2024 10:30,1010.2311,-0.028114676,-2.3078275,305.05646,21.507593
22-10-2024 11:30,1010.35016,-0.47388864,-1.8965762,300.79,21.054907
22-10-2024 12:30,1010.66034,-1.3079448,-1.987858,297.11255,20.539507
22-10-2024 13:30,1011.18384,-1.8188052,-1.7517776,295.9654,20.102285
22-10-2024 14:30,1011.73486,-2.0527663,-1.3581921,295.19595,19.719341
22-10-2024 15:30,1012.0458,-2.1265337,-0.87083036,294.49908,19.734669
22-10-2024 16:30,1012.1802,-2.0759053,-0.29746145,293.93903,20.132902
22-10-2024 17:30,1012.1011,-1.8510287,0.25664178,293.43713,20.656307
22-10-2024 18:30,1011.90796,-1.4436291,0.68803096,292.98746,21.429937
22-10-2024 19:30,1011.71423,-0.9093653,0.9401448,292.58203,22.422604
22-10-2024 20:30,1011.4704,-0.30637097,1.0181384,292.22382,23.431192
22-10-2024 21:30,1011.47186,0.32819557,0.8993478,291.98212,24.025982
22-10-2024 22:30,1011.61633,0.9066194,0.6235261,291.64676,24.191282
22-10-2024 23:30,1011.8917,1.3275714,0.29701757,291.35977,24.16901
23-10-2024 00:30,1012.2765,1.5544508,-0.013706207,291.08786,24.02177
23-10-2024 01:30,1012.7324,1.6146991,-0.29577,291.6554,23.77176
23-10-2024 02:30,1013.27844,1.5635265,-0.5425169,295.70358,23.561108
23-10-2024 03:30,1013.7355,1.6733917,-0.82900846,299.2315,23.553736
23-10-2024 04:30,1013.7525,1.4837564,-1.2938962,303.1411,23.72621
23-10-2024 05:30,1013.36237,1.5413343,-2.4835186,306.6785,23.915098
23-10-2024 06:30,1012.6058,1.4070723,-3.088851,308.0143,24.018766
23-10-2024 07:30,1011.5825,1.2881756,-3.3283155,308.49173,23.989275
23-10-2024 08:30,1010.55756,1.223288,-3.465495,307.9317,23.780153
23-10-2024 09:30,1009.8307,1.1931798,-3.4304073,306.5061,23.226234
23-10-2024 10:30,1009.45703,1.1861167,-3.2281704,305.0733,22.48582
23-10-2024 11:30,1009.35767,0.8324706,-2.3204458,300.69293,21.902447
23-10-2024 12:30,1009.5428,0.90139735,-2.3889372,296.69394,21.638119
23-10-2024 13:30,1010.04456,1.1148989,-2.3063993,295.588,21.741602
23-10-2024 14:30,1010.59937,1.4528389,-2.1916032,294.88013,22.148666
23-10-2024 15:30,1010.8867,1.830538,-2.2050326,294.2804,22.718107
23-10-2024 16:30,1010.9828,2.0191967,-2.3742704,293.78284,23.007957
23-10-2024 17:30,1011.0494,1.958355,-2.6351876,293.2921,22.84189
23-10-2024 18:30,1011.0415,1.7672579,-2.9602537,292.7853,22.460373
23-10-2024 19:30,1010.9794,1.615672,-3.333274,292.2908,22.045074
23-10-2024 20:30,1010.82733,1.5380943,-3.7422683,291.8576,21.553785
23-10-2024 21:30,1010.6248,1.4410968,-3.8297358,291.43564,20.875122
23-10-2024 22:30,1010.4495,1.3611622,-3.5837045,291.00342,20.055513
23-10-2024 23:30,1010.5491,1.3472317,-3.2634645,290.56912,19.299463
24-10-2024 00:30,1010.90845,1.4260741,-2.9635406,290.14758,18.674543
24-10-2024 01:30,1011.4205,1.6102346,-2.7915828,290.54623,18.273947
24-10-2024 02:30,1011.9428,2.487202,-3.6299462,293.96985,18.04628
24-10-2024 03:30,1012.3324,2.4752145,-3.2784019,297.76535,17.881086
24-10-2024 04:30,1012.25134,2.331207,-3.1763408,302.10614,17.888657
24-10-2024 05:30,1011.8242,2.4082246,-4.298965,306.01645,18.197514
24-10-2024 06:30,1010.98865,2.0834215,-4.771824,307.73083,18.638195
24-10-2024 07:30,1009.86017,1.7104497,-4.8909245,308.49936,19.080322
24-10-2024 08:30,1008.80524,1.4506862,-4.9599357,308.1488,19.508135
24-10-2024 09:30,1008.0733,1.2334774,-4.766903,306.89532,19.87437
24-10-2024 10:30,1007.7342,0.8950633,-4.1318116,304.91187,19.952524
24-10-2024 11:30,1007.8015,0.3905337,-2.7696285,300.78845,19.78792
24-10-2024 12:30,1008.1156,0.23987931,-2.839558,296.5782,19.576303
24-10-2024 13:30,1008.6422,0.21676546,-2.6620169,295.43216,19.29425
24-10-2024 14:30,1009.2685,0.42044115,-2.358139,294.6345,19.03592
24-10-2024 15:30,1009.7449,0.76521295,-2.0381494,293.90857,19.012165
24-10-2024 16:30,1009.9682,1.0343063,-1.7295202,293.29163,19.137165
24-10-2024 17:30,1009.8547,1.1949126,-1.4408678,292.72678,19.309425
24-10-2024 18:30,1009.5811,1.2948787,-1.1941386,292.2201,19.661839
24-10-2024 19:30,1009.22797,1.3472868,-1.0062637,291.77197,20.240753
24-10-2024 20:30,1008.82135,1.491059,-0.9593036,291.41534,21.099741
24-10-2024 21:30,1008.5228,1.6854243,-1.088443,291.152,22.11574
24-10-2024 22:30,1008.49866,1.8754888,-1.3086799,290.9521,23.031048
24-10-2024 23:30,1008.84204,2.0226052,-1.5064479,290.78217,23.486734
25-10-2024 00:30,1009.5239,2.1232262,-1.6358513,290.61118,23.299763
25-10-2024 01:30,1010.3537,2.1005473,-1.6415253,291.2365,22.66755
25-10-2024 02:30,1011.1792,2.3691976,-1.9009383,295.3096,21.903622
25-10-2024 03:30,1011.7455,2.4067087,-1.8635255,299.2119,21.097677
25-10-2024 04:30,1011.7056,2.3493152,-1.996597,303.5664,20.534424
25-10-2024 05:30,1011.15533,3.0383105,-3.7209017,306.88788,20.331303
25-10-2024 06:30,1010.2383,2.950825,-4.3713636,308.64523,20.324566
25-10-2024 07:30,1009.18,2.7662244,-4.7414403,309.47223,20.24105
25-10-2024 08:30,1008.14575,2.632359,-4.7678194,309.32977,19.890738
25-10-2024 09:30,1007.4508,2.5555387,-4.3149977,308.03003,19.469435
25-10-2024 10:30,1007.08276,2.4712362,-3.5066054,306.27417,19.04213
25-10-2024 11:30,1006.9906,1.7552402,-2.1359382,301.90887,18.51219
25-10-2024 12:30,1007.21216,1.8237425,-1.8260657,297.00607,18.020477
25-10-2024 13:30,1007.7749,1.8700008,-1.4540637,295.67584,17.80797
25-10-2024 14:30,1008.47284,1.8654164,-1.1319205,294.76608,17.901121
25-10-2024 15:30,1009.0106,1.9793098,-0.9376576,293.95462,18.028044
25-10-2024 16:30,1009.37885,2.1390917,-0.9114311,293.23178,18.061941
25-10-2024 17:30,1009.50244,2.2302618,-1.0039586,292.58344,18.076298
25-10-2024 18:30,1009.47534,2.2577546,-1.1419933,292.00455,18.114386
25-10-2024 19:30,1009.4292,2.2030535,-1.2917069,291.4634,18.175486
25-10-2024 20:30,1009.2936,2.1300545,-1.4229792,290.99734,18.35517
25-10-2024 21:30,1009.1884,2.1031637,-1.5034363,290.62234,18.78476
25-10-2024 22:30,1009.18756,2.0806625,-1.5100746,290.31174,19.198027
25-10-2024 23:30,1009.34875,2.0622706,-1.4660798,290.02246,19.384953
26-10-2024 00:30,1009.8725,2.0611997,-1.4126314,289.75784,19.361492
26-10-2024 01:30,1010.5561,2.0204988,-1.3283901,290.41763,19.150349
26-10-2024 02:30,1011.1697,1.8663485,-1.213347,295.3617,18.876953
26-10-2024 03:30,1011.59454,1.9757276,-1.3693681,299.5548,18.713358
26-10-2024 04:30,1011.59216,1.4534849,-1.2449033,303.91446,18.768602
26-10-2024 05:30,1011.23944,2.135017,-2.7231178,307.7326,19.120794
26-10-2024 06:30,1010.5108,2.2523746,-3.7037222,308.868,19.72259
26-10-2024 07:30,1009.6142,1.8875768,-4.1190186,309.30908,20.347933
26-10-2024 08:30,1008.6772,1.4043076,-4.245741,308.77716,20.801432
26-10-2024 09:30,1007.9369,0.86850053,-3.9899716,307.4643,20.800709
26-10-2024 10:30,1007.5022,0.31182754,-3.580456,305.7666,20.409487
26-10-2024 11:30,1007.2825,-0.5134719,-2.4018745,301.09488,19.917522
26-10-2024 12:30,1007.312,-1.5799509,-2.1477218,296.83792,19.448818
26-10-2024 13:30,1007.6789,-2.2271242,-1.506954,295.6155,18.971703
26-10-2024 14:30,1008.1869,-2.48077,-0.7634231,294.7347,18.4885
26-10-2024 15:30,1008.57733,-2.486927,-0.009680003,293.96182,18.237991
26-10-2024 16:30,1008.8328,-2.368295,0.73987955,293.34937,18.286652
26-10-2024 17:30,1008.9289,-2.1362958,1.4018677,292.8279,18.60668
26-10-2024 18:30,1008.9075,-1.8432435,1.872049,292.37302,19.16972
26-10-2024 19:30,1008.83716,-1.5195531,2.1677787,291.96362,19.810772
26-10-2024 20:30,1008.6253,-1.1420248,2.4118915,291.58392,20.317205
26-10-2024 21:30,1008.3859,-0.7360194,2.562602,291.24362,20.582262
26-10-2024 22:30,1008.28217,-0.35234138,2.610284,290.90167,20.604998
26-10-2024 23:30,1008.47845,-0.05813843,2.591974,290.57797,20.495605
27-10-2024 00:30,1009.0442,0.10639888,2.5356326,290.28357,20.392235
27-10-2024 01:30,1009.748,0.13586622,2.4170446,290.80865,20.377645
27-10-2024 02:30,1010.40314,0.030444741,2.2179942,295.24115,20.483692
27-10-2024 03:30,1010.9503,-0.32593435,2.1819296,298.87048,20.687757
27-10-2024 04:30,1011.0726,-1.0234866,1.750624,302.89777,21.03255
27-10-2024 05:30,1010.7975,-1.7574661,1.9994481,306.53812,21.563328
27-10-2024 06:30,1010.03296,-1.7563277,0.9999686,308.41412,22.142633
27-10-2024 07:30,1008.9701,-1.6466333,0.067834795,309.39594,22.633291
27-10-2024 08:30,1007.945,-1.6080493,-0.62457824,309.00098,23.022738
27-10-2024 09:30,1007.1976,-1.5580761,-0.9748597,306.99677,23.52899
27-10-2024 10:30,1006.74615,-1.4195657,-0.9979038,305.63037,24.067762
27-10-2024 11:30,1006.4981,-1.5360436,-0.54476976,301.21817,24.388361
27-10-2024 12:30,1006.49536,-2.415864,0.30456817,297.33466,24.505213
27-10-2024 13:30,1006.76337,-2.6522424,1.1796316,296.34854,24.567587
27-10-2024 14:30,1007.14453,-2.4346328,1.8450845,295.74335,24.75417
27-10-2024 15:30,1007.4561,-2.1132598,2.3160381,295.23093,25.10433
27-10-2024 16:30,1007.6431,-1.783161,2.6523154,294.76596,25.525305
27-10-2024 17:30,1007.639,-1.4198327,2.830415,294.311,25.946508
27-10-2024 18:30,1007.41626,-1.0466089,2.9042044,293.89355,26.266546
27-10-2024 19:30,1007.11975,-0.70999026,2.911723,293.51306,26.421501
27-10-2024 20:30,1006.74,-0.4154843,2.8757572,293.16455,26.483326
27-10-2024 21:30,1006.47345,-0.15290654,2.8129668,292.84808,26.521507
27-10-2024 22:30,1006.40576,0.02667129,2.749188,292.5358,26.575443
27-10-2024 23:30,1006.64844,0.15313053,2.6767075,292.24323,26.668892
28-10-2024 00:30,1007.1781,0.22898543,2.6169386,291.99252,26.763157
28-10-2024 01:30,1007.81555,0.2326914,2.6809978,292.31104,26.842411
28-10-2024 02:30,1008.4889,0.13068497,3.7161794,294.91162,26.936848
28-10-2024 03:30,1009.0714,-0.6317555,2.9425132,298.41815,26.944668
28-10-2024 04:30,1009.27075,-1.219108,3.4931288,302.37308,26.92944
28-10-2024 05:30,1009.0164,-1.5158557,3.8838944,305.5489,27.061674
28-10-2024 06:30,1008.3006,-1.6694603,3.247478,307.74997,27.287367
28-10-2024 07:30,1007.3762,-1.7036262,2.5767136,308.6238,27.536991
28-10-2024 08:30,1006.5104,-1.7711794,1.9934995,308.59195,27.670544
28-10-2024 09:30,1005.90533,-1.9265978,1.493024,307.97983,27.630283
28-10-2024 10:30,1005.5785,-2.2092555,1.1142018,305.4689,27.44947
28-10-2024 11:30,1005.5296,-2.1754162,0.8084155,302.05554,27.143475
28-10-2024 12:30,1005.83936,-2.6014893,0.96176,298.27777,26.845276
28-10-2024 13:30,1006.5136,-2.8772073,1.4553394,297.40933,26.725773
28-10-2024 14:30,1007.245,-2.830997,2.0036602,296.82214,26.747467
28-10-2024 15:30,1007.7058,-2.5302722,2.5352178,296.2428,26.792698
28-10-2024 16:30,1007.90375,-2.0796335,2.9505062,295.68674,26.846241
28-10-2024 17:30,1007.85815,-1.5776018,3.1161926,295.15094,26.836079
28-10-2024 18:30,1007.6662,-1.1530657,3.1185093,294.66205,26.765015
28-10-2024 19:30,1007.4443,-0.86313736,3.0449986,294.2212,26.669357
28-10-2024 20:30,1007.1319,-0.6586923,2.927288,293.8037,26.581896
28-10-2024 21:30,1006.9366,-0.5031303,2.6302714,293.35175,26.62174
28-10-2024 22:30,1006.9533,-0.39933586,2.3737912,292.9441,26.67487
28-10-2024 23:30,1007.26514,-0.2932949,2.2654157,292.60837,26.690746
29-10-2024 00:30,1007.758,-0.16025329,2.2044995,292.30695,26.728195
29-10-2024 01:30,1008.36383,0.013736919,2.0870311,292.79034,26.75994
29-10-2024 02:30,1009.01556,0.22567451,2.776394,296.31537,26.887777
29-10-2024 03:30,1009.6113,-0.04331565,2.191197,300.19705,26.798231
29-10-2024 04:30,1009.83154,-0.22390658,2.6499834,304.63123,26.567299
29-10-2024 05:30,1009.4914,-0.3651203,2.6291935,308.14667,26.484776
29-10-2024 06:30,1008.66046,-0.39891034,2.1887043,310.10468,26.540266
29-10-2024 07:30,1007.7003,-0.3071516,1.7036133,311.1081,26.750729
29-10-2024 08:30,1006.7531,-0.26185358,1.2590904,311.15067,27.008284
29-10-2024 09:30,1005.9816,-0.320198,0.84460545,309.66183,27.094757
29-10-2024 10:30,1005.5315,-0.44224992,0.45493495,307.94046,26.962818
29-10-2024 11:30,1005.4356,-0.73095924,0.18306357,303.27795,26.651052
29-10-2024 12:30,1005.6392,-1.6048203,0.30004072,299.16965,26.285162
29-10-2024 13:30,1006.1525,-2.097399,0.79087144,297.9704,25.998453
29-10-2024 14:30,1006.72406,-2.0835874,1.4682336,297.13565,25.72822
29-10-2024 15:30,1007.1139,-1.7076491,2.052535,296.4372,25.831352
29-10-2024 16:30,1007.2673,-1.1670442,2.347713,295.897,26.081797
29-10-2024 17:30,1007.1869,-0.60909903,2.402659,295.3519,26.046362
29-10-2024 18:30,1006.9278,-0.12960577,2.2783828,294.80344,25.744644
29-10-2024 19:30,1006.6103,0.18074113,2.06597,294.27072,25.246355
29-10-2024 20:30,1006.29095,0.33841467,1.8351045,293.7545,24.662046
29-10-2024 21:30,1006.1731,0.44766498,1.6439513,293.26117,23.96641
29-10-2024 22:30,1006.2764,0.55993086,1.4952552,292.78827,23.261156
29-10-2024 23:30,1006.59045,0.6715488,1.354233,292.36386,22.683804
30-10-2024 00:30,1007.1817,0.77628684,1.2332469,291.96826,22.300686
30-10-2024 01:30,1007.8953,0.88211614,1.1606333,292.40454,22.074959
30-10-2024 02:30,1008.6916,0.91675186,1.0562903,297.55722,21.954773
30-10-2024 03:30,1009.4472,0.87734485,1.0259371,301.66684,21.838518
30-10-2024 04:30,1009.74384,0.3558083,0.5807568,305.9137,21.807852
30-10-2024 05:30,1009.5072,0.4416682,-0.7020055,310.07507,22.087027
30-10-2024 06:30,1008.7711,0.6929642,-1.8970327,311.81516,22.220642
30-10-2024 07:30,1007.96,0.7414537,-2.3357453,312.10297,22.331516
30-10-2024 08:30,1007.3182,0.78096294,-2.6554492,311.25458,22.551794
30-10-2024 09:30,1006.98596,0.84377325,-2.6924396,309.62753,22.976376
30-10-2024 10:30,1006.96924,0.9280217,-2.5159998,307.83395,23.341707
30-10-2024 11:30,1007.1736,0.48020983,-1.9296383,302.78632,23.43899
30-10-2024 12:30,1007.5354,-0.16074017,-2.0894163,298.52454,23.312752
30-10-2024 13:30,1008.1325,-0.53593755,-1.8717554,297.43842,23.164858
30-10-2024 14:30,1008.7986,-0.6321263,-1.5203702,296.6341,23.10161
30-10-2024 15:30,1009.33685,-0.55942416,-1.2759376,295.8994,22.934826
30-10-2024 16:30,1009.7336,-0.42847323,-1.1372632,295.20135,22.762987
30-10-2024 17:30,1009.90784,-0.25336584,-1.0956233,294.55743,22.663633
30-10-2024 18:30,1009.863,-0.11013281,-1.1967869,293.96478,22.547848
30-10-2024 19:30,1009.7826,-0.024399757,-1.4132446,293.43085,22.363604
30-10-2024 20:30,1009.66547,0.049053192,-1.712709,292.9398,22.11834
30-10-2024 21:30,1009.5734,0.17615938,-1.9115896,292.47202,22.138071
30-10-2024 22:30,1009.5739,0.3851881,-1.9851849,292.10358,22.293713
30-10-2024 23:30,1009.7866,0.68423855,-1.9864143,291.76993,22.347542
31-10-2024 00:30,1010.2887,1.0574695,-1.8943224,291.4784,22.323305
31-10-2024 01:30,1010.9367,1.4655157,-1.7009695,291.84656,22.2598
31-10-2024 02:30,1011.5344,1.8798482,-1.4724898,295.78076,22.219496
31-10-2024 03:30,1012.02045,2.533197,-1.5641453,299.3987,22.038607
31-10-2024 04:30,1012.2146,2.34668,-1.2751985,303.54343,21.818989
31-10-2024 05:30,1011.9893,3.023686,-2.487639,307.1606,21.73938
31-10-2024 06:30,1011.29834,3.227948,-2.9934087,308.73126,21.713865
31-10-2024 07:30,1010.3741,3.1223307,-3.1372015,309.29926,21.610985
31-10-2024 08:30,1009.52905,2.9158998,-3.1573095,308.79288,21.501287
31-10-2024 09:30,1008.9496,2.798872,-3.0012681,307.51,21.352657
31-10-2024 10:30,1008.5878,2.6747336,-2.674254,305.333,21.03303
31-10-2024 11:30,1008.43787,1.9209328,-1.7758133,300.75766,20.634825
31-10-2024 12:30,1008.58154,2.284485,-1.867473,296.9731,20.282291
31-10-2024 13:30,1009.0545,2.5212913,-1.8801217,295.87112,19.883104
31-10-2024 14:30,1009.57794,2.677195,-1.9243742,294.99808,19.398104
31-10-2024 15:30,1009.9343,2.770223,-1.9844466,294.18436,18.843105
31-10-2024 16:30,1010.1359,2.7961342,-2.0726652,293.45618,18.241606
31-10-2024 17:30,1010.2417,2.7580361,-2.2057042,292.76746,17.616936
31-10-2024 18:30,1010.1911,2.677271,-2.3793466,292.13614,17.000374
31-10-2024 19:30,1010.0611,2.5349112,-2.5552654,291.53424,16.399714
31-10-2024 20:30,1009.85333,2.3503466,-2.6524227,290.94174,15.686007
31-10-2024 21:30,1009.65405,2.2214856,-2.5914001,290.32007,14.784994
31-10-2024 22:30,1009.5461,2.2583869,-2.402448,289.71103,13.558861
31-10-2024 23:30,1009.7317,2.4566932,-2.1176243,289.09872,12.089843
01-11-2024 00:30,1010.1825,2.7193942,-1.7462629,288.54285,10.906203
01-11-2024 01:30,1010.8058,2.9157982,-1.2847571,288.69592,10.347838
01-11-2024 02:30,1011.5361,3.114973,-0.88688594,293.17798,10.516216
01-11-2024 03:30,1012.2366,3.9554057,-0.8524877,297.4225,11.199498
01-11-2024 04:30,1012.65576,3.285505,-0.70482475,302.06342,11.839612
01-11-2024 05:30,1012.6717,4.1968894,-1.8798566,306.18024,12.354623
01-11-2024 06:30,1012.16656,4.8418937,-2.835119,308.1681,12.885047
01-11-2024 07:30,1011.3261,4.5149035,-2.8782706,308.91693,13.442538
01-11-2024 08:30,1010.4856,4.0967317,-2.8170125,308.58804,14.01551
01-11-2024 09:30,1009.9462,3.7178845,-2.6685033,306.7776,14.463421
01-11-2024 10:30,1009.72906,3.1860814,-2.3824859,304.68976,14.762859
01-11-2024 11:30,1009.84735,1.9533474,-1.6942122,299.76068,14.894661
01-11-2024 12:30,1010.23065,1.8557513,-1.7949526,295.55588,14.901818
01-11-2024 13:30,1010.85944,1.7013324,-1.6409404,294.4927,14.885944
01-11-2024 14:30,1011.50024,1.643039,-1.4289666,293.6892,14.870431
01-11-2024 15:30,1011.9305,1.6628724,-1.2693539,292.96124,15.0192375
01-11-2024 16:30,1012.0822,1.7450207,-1.1779953,292.3508,15.414305
01-11-2024 17:30,1012.10406,1.8255665,-1.1411602,291.82977,15.938218
01-11-2024 18:30,1012.0022,1.841912,-1.1472485,291.37317,16.473373
01-11-2024 19:30,1011.8054,1.8107443,-1.1545562,290.95453,16.949703
01-11-2024 20:30,1011.4327,1.7734169,-1.1244559,290.5635,17.324163
01-11-2024 21:30,1011.0722,1.6809806,-0.9456586,290.17337,17.54222
01-11-2024 22:30,1010.9509,1.6032573,-0.6216352,289.79187,17.651083
01-11-2024 23:30,1011.1727,1.5926144,-0.28949788,289.4386,17.721651
02-11-2024 00:30,1011.7565,1.5868018,0.013497502,289.13037,17.776562
02-11-2024 01:30,1012.60767,1.5180609,0.27385762,289.47253,17.862534
02-11-2024 02:30,1013.4772,1.2271581,0.47961715,294.25323,17.965185
02-11-2024 03:30,1014.0529,1.2018927,0.72469574,298.3158,18.13913
02-11-2024 04:30,1014.17944,0.7581173,0.54587543,302.99835,18.398333
02-11-2024 05:30,1013.86804,1.417625,-0.17916122,307.176,18.703993
02-11-2024 06:30,1013.1234,1.8569813,-0.806043,308.77655,19.00893
02-11-2024 07:30,1012.20825,1.6609688,-1.0608248,309.5279,19.368769
02-11-2024 08:30,1011.34705,1.3747256,-1.2141562,309.04004,19.785013
02-11-2024 09:30,1010.8027,0.9702972,-1.433739,307.58148,19.973831
02-11-2024 10:30,1010.5622,0.35569453,-1.5602825,305.58014,19.904814
02-11-2024 11:30,1010.6169,-0.61804223,-1.4665892,300.60938,19.70321
02-11-2024 12:30,1010.9953,-1.9671255,-1.602965,296.32495,19.417274
02-11-2024 13:30,1011.6525,-2.8584056,-1.2702906,295.12375,19.075397
02-11-2024 14:30,1012.31696,-3.2725759,-0.72401774,294.22134,18.678635
02-11-2024 15:30,1012.83905,-3.3492432,-0.07784251,293.37744,18.414417
02-11-2024 16:30,1013.09564,-3.1424031,0.65875417,292.61957,18.271135
02-11-2024 17:30,1013.1499,-2.661022,1.4303465,291.9442,18.092098
02-11-2024 18:30,1013.0873,-1.936749,2.0461507,291.36865,17.944717
02-11-2024 19:30,1012.8942,-1.1445422,2.3351321,290.86035,17.89688
02-11-2024 20:30,1012.52594,-0.5625083,2.3489702,290.42044,17.88044
02-11-2024 21:30,1012.1728,-0.34124184,2.1969423,290.01483,17.840235
02-11-2024 22:30,1012.03156,-0.34640315,1.9628272,289.60144,17.823956
02-11-2024 23:30,1012.2047,-0.4737214,1.6957366,289.19894,17.847282
03-11-2024 00:30,1012.7503,-0.7063646,1.4603058,288.81818,17.901796
03-11-2024 01:30,1013.568,-0.97144675,1.2998354,289.1068,17.995474
03-11-2024 02:30,1014.41956,-1.269956,1.2631103,293.5886,18.174925
03-11-2024 03:30,1015.0837,-1.4411198,1.152499,297.68597,18.221798
03-11-2024 04:30,1015.2685,-1.3294933,0.9951028,302.2846,18.134783
03-11-2024 05:30,1014.94476,-0.80265546,0.6281986,306.838,18.172304
03-11-2024 06:30,1014.17126,-0.42237628,-0.58655524,309.10687,18.108032
03-11-2024 07:30,1013.1188,-0.38624156,-1.4610366,309.39655,17.84058
03-11-2024 08:30,1012.1417,-0.46324515,-1.9276917,308.62344,17.456038
03-11-2024 09:30,1011.4914,-0.6134145,-2.081169,306.24713,17.118574
03-11-2024 10:30,1011.2403,-0.74255955,-1.8822564,304.0909,16.789146
03-11-2024 11:30,1011.33453,-0.9997481,-1.4694198,299.1551,16.373716
03-11-2024 12:30,1011.77435,-1.7398171,-1.4314142,295.05026,15.989905
03-11-2024 13:30,1012.5668,-2.1838255,-1.1165733,293.89255,15.774205
03-11-2024 14:30,1013.3989,-2.4122612,-0.6763124,292.99,15.757754
03-11-2024 15:30,1013.8689,-2.4445584,-0.108178824,292.1983,15.999167
03-11-2024 16:30,1013.83545,-2.256364,0.5922913,291.5453,16.40045
03-11-2024 17:30,1013.45953,-1.8109407,1.3143263,290.9689,16.821077
03-11-2024 18:30,1012.9844,-1.1143136,1.89301,290.4662,17.28086
03-11-2024 19:30,1012.5557,-0.280916,2.2055337,290.0195,17.76434
03-11-2024 20:30,1012.1708,0.52315754,2.2548926,289.6441,18.248138
03-11-2024 21:30,1011.7646,1.1075791,2.1041496,289.3203,18.701048
03-11-2024 22:30,1011.5125,1.4645387,1.8924837,289.02322,19.068335
03-11-2024 23:30,1011.5614,1.6829743,1.6707997,288.757,19.372995
04-11-2024 00:30,1011.89624,1.7741606,1.4433352,288.48938,19.560677
04-11-2024 01:30,1012.465,1.7440417,1.1812204,288.69482,19.63918
04-11-2024 02:30,1013.01013,1.4406098,0.7970722,292.789,19.577118
04-11-2024 03:30,1013.3911,1.4557539,0.7181819,296.8612,19.413395
04-11-2024 04:30,1013.4277,0.7449945,0.5174079,301.11234,19.32669
04-11-2024 05:30,1013.0676,0.49455392,0.31587374,305.49127,19.388165
04-11-2024 06:30,1012.2477,0.26133776,-0.70992935,307.24078,19.426085
04-11-2024 07:30,1011.1258,0.12288374,-1.2752396,307.8172,19.32343
04-11-2024 08:30,1010.16064,0.11364734,-1.5142666,307.12268,19.197224
04-11-2024 09:30,1009.6294,0.087111056,-1.609063,305.44653,18.993046
04-11-2024 10:30,1009.4853,-0.12214297,-1.5067699,303.39023,18.6954
04-11-2024 11:30,1009.639,-0.74226964,-1.2326218,298.7383,18.335367
04-11-2024 12:30,1010.1488,-1.6864691,-0.8449304,294.98047,18.014193
04-11-2024 13:30,1010.8975,-2.2906394,-0.19970018,293.97528,17.771288
04-11-2024 14:30,1011.633,-2.5058734,0.54153514,293.22028,17.606607
04-11-2024 15:30,1012.169,-2.439846,1.2833873,292.5938,17.527767
04-11-2024 16:30,1012.4219,-2.1764882,1.928489,292.06204,17.566032
04-11-2024 17:30,1012.48047,-1.7651371,2.4024477,291.5843,17.698088
04-11-2024 18:30,1012.5059,-1.33579,2.6551895,291.1539,17.923992
04-11-2024 19:30,1012.5676,-0.990693,2.753512,290.7614,18.173206
04-11-2024 20:30,1012.6194,-0.7485806,2.7679179,290.37888,18.414553
04-11-2024 21:30,1012.54016,-0.6576546,2.7045135,289.98853,18.71103
04-11-2024 22:30,1012.605,-0.67110735,2.613205,289.61414,19.101774
04-11-2024 23:30,1012.97095,-0.7496024,2.539727,289.30026,19.539444
05-11-2024 00:30,1013.54376,-0.87738585,2.4818747,289.04993,19.983234
05-11-2024 01:30,1014.2617,-0.9976334,2.425604,289.2496,20.412006
05-11-2024 02:30,1015.0867,-1.5695038,3.4243364,292.27448,20.84089
05-11-2024 03:30,1015.7619,-1.7035961,3.1141005,295.76678,21.019627
05-11-2024 04:30,1015.97595,-1.7591959,2.8888702,300.04443,20.995747
05-11-2024 05:30,1015.601,-1.6937025,3.7328238,303.67517,20.995106
05-11-2024 06:30,1014.6853,-1.2248956,2.9690955,305.8233,21.034027
05-11-2024 07:30,1013.54156,-0.6624963,1.8869876,307.26508,21.112108
05-11-2024 08:30,1012.53406,-0.28271693,0.77746844,307.4344,21.095966
05-11-2024 09:30,1011.91846,-0.2500898,-0.08856314,305.5719,20.96273
05-11-2024 10:30,1011.6869,-0.5259489,-0.52868325,303.02783,20.774593
05-11-2024 11:30,1011.84546,-1.1609744,-0.5444194,298.73505,20.531675
05-11-2024 12:30,1012.4522,-2.165933,-0.2284458,295.16797,20.304405
05-11-2024 13:30,1013.3515,-2.710485,0.36121053,294.245,20.155361
05-11-2024 14:30,1014.22626,-2.8304567,1.0830964,293.56226,20.022049
05-11-2024 15:30,1014.8061,-2.5590367,1.8151584,292.94586,19.95942
05-11-2024 16:30,1014.96185,-2.0041232,2.414029,292.4151,19.897223
05-11-2024 17:30,1014.7441,-1.3424124,2.7956028,291.8947,19.733511
05-11-2024 18:30,1014.3572,-0.68147665,2.969913,291.38672,19.530676
05-11-2024 19:30,1013.97546,-0.091921315,2.9867122,290.91354,19.335608
05-11-2024 20:30,1013.6158,0.3648505,2.9063323,290.48108,19.179583
05-11-2024 21:30,1013.3425,0.6130355,2.785102,290.0774,19.078308
05-11-2024 22:30,1013.2545,0.72376645,2.6915903,289.70563,19.047565
05-11-2024 23:30,1013.48706,0.7989212,2.6165447,289.37653,19.16561
06-11-2024 00:30,1014.09143,0.83049464,2.5238965,289.07132,19.44812
06-11-2024 01:30,1014.87274,0.7861033,2.3553102,289.2076,19.870564
06-11-2024 02:30,1015.646,0.62278223,2.1372066,292.85403,20.363144
06-11-2024 03:30,1016.1834,0.16609886,1.9921424,296.56992,20.840275
06-11-2024 04:30,1016.2612,-0.6072295,1.5146352,300.75272,21.301933
06-11-2024 05:30,1015.8074,-0.50027215,2.3101692,304.817,21.755823
06-11-2024 06:30,1014.8772,-0.6756956,1.5855724,307.35736,22.115963
06-11-2024 07:30,1013.8454,-0.5602481,0.6422063,308.4614,22.358847
06-11-2024 08:30,1013.0128,-0.41321796,-0.34230715,308.01996,22.492178
06-11-2024 09:30,1012.44763,-0.3159258,-1.0929823,305.85245,22.531837
06-11-2024 10:30,1012.1772,-0.39447397,-1.3717681,303.6509,22.579355
06-11-2024 11:30,1012.2547,-0.878136,-1.2599691,299.31543,22.579998
06-11-2024 12:30,1012.58813,-1.8129144,-1.0289619,295.94095,22.541504
06-11-2024 13:30,1013.08264,-2.3886952,-0.3676188,295.08984,22.49506
06-11-2024 14:30,1013.50903,-2.555786,0.5591177,294.43896,22.417313
06-11-2024 15:30,1013.7761,-2.3513303,1.5241501,293.8748,22.371037
06-11-2024 16:30,1013.7692,-1.8553756,2.2696447,293.383,22.395351
06-11-2024 17:30,1013.6028,-1.2887176,2.685299,292.94064,22.482197
06-11-2024 18:30,1013.31805,-0.82886267,2.8776903,292.50635,22.631517
06-11-2024 19:30,1013.02014,-0.5273027,2.904151,292.1081,22.882559
06-11-2024 20:30,1012.6755,-0.360954,2.8395922,291.74518,23.258657
06-11-2024 21:30,1012.4402,-0.23673815,2.724818,291.40497,23.595772
06-11-2024 22:30,1012.46515,-0.10555035,2.6235044,291.05243,23.83931
06-11-2024 23:30,1012.685,0.030611336,2.5369096,290.73077,23.965782
07-11-2024 00:30,1013.2063,0.15279262,2.4628472,290.42743,23.88928
07-11-2024 01:30,1013.8607,0.26038378,2.33739,290.46573,23.601913
07-11-2024 02:30,1014.53357,0.3851098,2.3906553,293.3642,23.20523
07-11-2024 03:30,1014.97046,0.2718612,2.3877954,296.7272,22.698063
07-11-2024 04:30,1014.9866,-0.14586179,2.124743,300.82568,22.237877
07-11-2024 05:30,1014.6351,-0.41251075,2.1930656,304.69806,21.964586
07-11-2024 06:30,1013.9281,-0.63006085,1.166688,306.7158,21.831017
07-11-2024 07:30,1013.1145,-0.85257876,0.27920192,307.64294,21.743975
07-11-2024 08:30,1012.4099,-1.2315606,-0.27717757,307.0017,21.641256
07-11-2024 09:30,1011.8979,-1.4878213,-0.70031625,306.1251,21.390118
07-11-2024 10:30,1011.59607,-1.5737638,-0.8802959,303.817,20.959318
07-11-2024 11:30,1011.5653,-1.6729771,-0.5609832,299.33398,20.40365
07-11-2024 12:30,1011.8775,-2.426794,-0.0512785,295.65988,19.840317
07-11-2024 13:30,1012.4786,-2.640716,0.74570656,294.70282,19.386784
07-11-2024 14:30,1013.02954,-2.4757047,1.5387598,293.9555,19.050968
07-11-2024 15:30,1013.4266,-2.0878663,2.1483314,293.31107,19.160818
07-11-2024 16:30,1013.6486,-1.6165104,2.4999719,292.79993,19.638014
07-11-2024 17:30,1013.60486,-1.1755515,2.6458175,292.33392,20.146185
07-11-2024 18:30,1013.3641,-0.8282198,2.6492927,291.89758,20.552532
07-11-2024 19:30,1013.0529,-0.60603344,2.5738661,291.49036,20.794868
07-11-2024 20:30,1012.7132,-0.48721352,2.4602406,291.1049,20.865128
07-11-2024 21:30,1012.34576,-0.5149914,2.3237538,290.74545,20.896223
07-11-2024 22:30,1012.08954,-0.6278205,2.2266986,290.4308,20.911905
07-11-2024 23:30,1012.0868,-0.72103745,2.2077081,290.15146,20.911913
08-11-2024 00:30,1012.45825,-0.76374733,2.2517886,289.91428,20.982565
08-11-2024 01:30,1013.13135,-0.7211288,2.2762928,290.10846,21.17078
08-11-2024 02:30,1013.8759,-0.7685181,2.6657946,293.5691,21.47645
08-11-2024 03:30,1014.4481,-0.8376555,2.6379905,297.12494,21.703949
08-11-2024 04:30,1014.6747,-0.97070414,2.0810814,301.33902,21.908264
08-11-2024 05:30,1014.4302,-0.8683804,1.7291038,305.5297,22.22922
08-11-2024 06:30,1013.7583,-0.49141717,0.4831848,307.7343,22.564268
08-11-2024 07:30,1012.85565,-0.25071228,-0.7321812,308.36526,22.728348
08-11-2024 08:30,1011.9361,-0.32450998,-1.5335302,307.53595,22.680773
08-11-2024 09:30,1011.2644,-0.5729312,-1.8051101,305.4015,22.493166
08-11-2024 10:30,1010.85706,-0.8810277,-1.4892943,303.22693,22.227934
08-11-2024 11:30,1010.7883,-1.3887392,-0.90296566,299.17023,21.940054
08-11-2024 12:30,1011.10175,-2.203743,-0.2674374,296.11218,21.683954
08-11-2024 13:30,1011.7447,-2.5278633,0.580104,295.25516,21.45797
08-11-2024 14:30,1012.3683,-2.4549165,1.4404815,294.58182,21.284592
08-11-2024 15:30,1012.7325,-2.104763,2.1073654,293.97617,21.354742
08-11-2024 16:30,1012.8191,-1.6488652,2.522717,293.4908,21.581234
08-11-2024 17:30,1012.6822,-1.2070273,2.7503364,293.0451,21.81335
08-11-2024 18:30,1012.3897,-0.8390505,2.8413205,292.62982,22.054081
08-11-2024 19:30,1012.1238,-0.56830204,2.8616776,292.24872,22.272554
08-11-2024 20:30,1011.8906,-0.3697626,2.8521628,291.8824,22.458845
08-11-2024 21:30,1011.71075,-0.22101048,2.8603225,291.5409,22.638773
08-11-2024 22:30,1011.6795,-0.07266094,2.8897405,291.1964,22.849949
08-11-2024 23:30,1011.91,0.102521844,2.868442,290.84634,23.107508
09-11-2024 00:30,1012.5644,0.2537764,2.7513146,290.5175,23.45122
09-11-2024 01:30,1013.45825,0.34392297,2.5736809,290.54916,23.855106
09-11-2024 02:30,1014.3248,0.43375003,3.4141054,293.42758,24.283552
09-11-2024 03:30,1014.94556,-0.2248196,2.9256008,297.06894,24.39944
09-11-2024 04:30,1015.1122,-0.83914936,2.9506857,301.30362,24.256865
09-11-2024 05:30,1014.671,-0.9434022,3.2533565,304.95746,24.132181
09-11-2024 06:30,1013.782,-0.852195,3.1501641,307.33688,24.01566
09-11-2024 07:30,1012.70935,-0.7023194,3.0005555,308.393,23.867117
09-11-2024 08:30,1011.7489,-0.5744312,2.9105752,308.19656,23.633411
09-11-2024 09:30,1011.0736,-0.4637775,2.644307,306.80695,23.149422
09-11-2024 10:30,1010.64014,-0.5021666,2.092157,304.6088,22.491009
09-11-2024 11:30,1010.5094,-0.8680736,1.444386,300.1853,21.890656
09-11-2024 12:30,1010.8044,-1.6991211,1.589718,296.38202,21.418373
09-11-2024 13:30,1011.4295,-1.9455649,1.7992773,295.45624,21.03976
09-11-2024 14:30,1012.0689,-1.8385949,1.9894543,294.6695,20.726086
09-11-2024 15:30,1012.46716,-1.5756214,2.2287278,293.93414,20.60013
09-11-2024 16:30,1012.53436,-1.2208406,2.4797363,293.33975,20.482481
09-11-2024 17:30,1012.3917,-0.8585336,2.6004848,292.7401,20.184965
09-11-2024 18:30,1012.12415,-0.5548816,2.6223164,292.14648,19.777918
09-11-2024 19:30,1011.8934,-0.3487091,2.6236196,291.57486,19.33946
09-11-2024 20:30,1011.73083,-0.18610257,2.6372256,291.02908,18.940022
09-11-2024 21:30,1011.6719,0.023948967,2.5618494,290.48236,18.923306
09-11-2024 22:30,1011.7997,0.30035287,2.3728251,289.95355,19.234795
09-11-2024 23:30,1012.095,0.5487925,2.108898,289.47598,19.609053
10-11-2024 00:30,1012.61615,0.6660191,1.8420563,289.06482,20.053911
10-11-2024 01:30,1013.252,0.6441202,1.6323617,289.099,20.545877
10-11-2024 02:30,1013.855,0.43378854,1.6137688,292.81375,21.06146
10-11-2024 03:30,1014.33093,0.39670628,1.6516641,296.75284,21.288021
10-11-2024 04:30,1014.4627,0.33464056,1.3730564,301.0417,21.327122
10-11-2024 05:30,1014.1268,0.48513687,0.7638054,304.93942,21.491251
10-11-2024 06:30,1013.36993,0.8874815,-0.39754403,307.81213,21.717554
10-11-2024 07:30,1012.40955,1.0197592,-1.2086984,309.04816,21.811132
10-11-2024 08:30,1011.60425,1.2050111,-1.5839429,308.44775,21.779621
10-11-2024 09:30,1011.1222,1.2009432,-1.7859812,306.50696,21.740192
10-11-2024 10:30,1010.87646,0.8642936,-1.7288452,304.15656,21.64613
10-11-2024 11:30,1010.8303,0.22065282,-1.436816,299.60623,21.426674
10-11-2024 12:30,1011.1923,-0.47188625,-1.5033141,295.9134,21.238722
10-11-2024 13:30,1012.0139,-1.0000192,-1.3235022,294.9872,21.160494
10-11-2024 14:30,1012.8561,-1.3256297,-1.0493875,294.22974,21.223629
10-11-2024 15:30,1013.40607,-1.4295628,-0.81811076,293.5432,21.32535
10-11-2024 16:30,1013.6205,-1.4493427,-0.67014194,292.95358,21.419394
10-11-2024 17:30,1013.5889,-1.53004,-0.5035049,292.41577,21.467285
10-11-2024 18:30,1013.3259,-1.6141679,-0.32260507,291.92566,21.413101
10-11-2024 19:30,1012.96014,-1.6890075,-0.08637425,291.46036,21.280403
10-11-2024 20:30,1012.5989,-1.6776574,0.17040132,291.02344,21.209661
10-11-2024 21:30,1012.3575,-1.5964081,0.33048147,290.60577,21.295612
10-11-2024 22:30,1012.2965,-1.476862,0.44240767,290.26337,21.396889
10-11-2024 23:30,1012.392,-1.3378175,0.6018872,289.96326,21.342316
11-11-2024 00:30,1012.7328,-1.1875665,0.83582914,289.68573,21.241419
11-11-2024 01:30,1013.3211,-0.95556206,1.0968516,289.80414,21.179281
11-11-2024 02:30,1013.9303,-0.62345904,1.2101161,293.9557,21.116734
11-11-2024 03:30,1014.4225,-0.6041591,1.5537567,297.79468,21.077995
11-11-2024 04:30,1014.6027,-0.6227064,1.328321,301.85385,21.109562
11-11-2024 05:30,1014.2939,-0.38748896,1.1741302,306.31805,21.297579
11-11-2024 06:30,1013.5865,0.024118721,0.46153682,308.75873,21.601593
11-11-2024 07:30,1012.6361,0.17545295,-0.031893402,309.46832,21.867222
11-11-2024 08:30,1011.7325,0.11719167,-0.3482874,308.7013,21.94624
11-11-2024 09:30,1011.15186,0.121854424,-0.70465595,306.38376,21.830292
11-11-2024 10:30,1010.84674,0.032239676,-1.0544903,303.97787,21.627275
11-11-2024 11:30,1010.7576,-0.4297737,-1.1033597,299.42996,21.392643
11-11-2024 12:30,1011.00946,-1.2564917,-1.0468252,295.93848,21.197218
11-11-2024 13:30,1011.68524,-1.8294413,-0.6998903,294.99902,21.149874
11-11-2024 14:30,1012.4308,-2.0547268,-0.20153382,294.2533,21.219246
11-11-2024 15:30,1012.92206,-1.9492263,0.47970852,293.56833,21.24217
11-11-2024 16:30,1013.1467,-1.5718377,1.1595349,292.9345,21.11648
11-11-2024 17:30,1013.1677,-1.0405244,1.6024752,292.31882,20.86615
11-11-2024 18:30,1013.04095,-0.4878714,1.7132344,291.71832,20.53
11-11-2024 19:30,1012.84937,-0.09647012,1.5927154,291.12195,19.982754
11-11-2024 20:30,1012.6183,0.079083145,1.3938721,290.5387,19.25571
11-11-2024 21:30,1012.39813,0.10960156,1.230049,289.9738,18.685179
11-11-2024 22:30,1012.33234,0.116784096,1.1053679,289.50214,18.349411
11-11-2024 23:30,1012.40594,0.11823726,1.0544916,289.08566,18.037405
12-11-2024 00:30,1012.7914,0.19680238,1.0250611,288.70062,17.857208
12-11-2024 01:30,1013.40735,0.39634836,0.9486948,288.7757,17.80213
12-11-2024 02:30,1014.02875,0.56513965,0.8398627,293.62042,17.763657
12-11-2024 03:30,1014.52924,0.7321806,0.79940856,298.33017,17.740492
12-11-2024 04:30,1014.706,0.9433297,0.4427899,303.2055,17.756159
12-11-2024 05:30,1014.4486,2.065967,-0.39717495,307.2598,17.796288
12-11-2024 06:30,1013.7076,2.4693694,-0.7206876,308.4767,17.860151
12-11-2024 07:30,1012.7067,2.7024002,-0.90948987,309.0114,17.91645
12-11-2024 08:30,1011.7247,2.8649554,-1.1719472,308.39252,17.893808
12-11-2024 09:30,1011.08594,3.012301,-1.5735574,306.53638,17.684574
12-11-2024 10:30,1010.77716,2.793862,-1.8680154,303.8493,17.210522
12-11-2024 11:30,1010.75995,1.907284,-1.7580862,298.54645,16.514767
12-11-2024 12:30,1011.0502,1.9552231,-2.3472316,294.4856,15.67237
12-11-2024 13:30,1011.5821,1.7958329,-2.6259594,293.29724,14.701238
12-11-2024 14:30,1012.09845,1.6235778,-2.7568908,292.2274,13.735011
12-11-2024 15:30,1012.4561,1.4415495,-2.8084066,291.23215,12.992217
12-11-2024 16:30,1012.5709,1.2098432,-2.7752786,290.32562,12.449613
12-11-2024 17:30,1012.4378,0.941386,-2.6659126,289.51068,12.020722
12-11-2024 18:30,1012.02014,0.64868474,-2.4878578,288.77625,11.685501
12-11-2024 19:30,1011.47974,0.30153704,-2.301976,288.11218,11.53373
12-11-2024 20:30,1011.0076,-0.02970779,-2.1750228,287.5631,11.643762
12-11-2024 21:30,1010.7544,-0.3588488,-2.13523,287.1225,12.06253
12-11-2024 22:30,1010.805,-0.50881684,-2.0756586,286.76495,12.715771
12-11-2024 23:30,1011.0849,-0.42036855,-1.927829,286.45163,13.477674
13-11-2024 00:30,1011.65717,-0.27819836,-1.6679554,286.17157,14.157658
13-11-2024 01:30,1012.4517,-0.056195676,-1.323172,286.30243,14.662116
13-11-2024 02:30,1013.4239,0.53908074,-1.0774766,291.10516,15.248487
13-11-2024 03:30,1014.1939,1.1310134,-0.7488339,295.49918,15.421389
13-11-2024 04:30,1014.38983,1.2298572,-0.2882789,300.31598,15.215181
13-11-2024 05:30,1013.9501,1.7131903,-1.907318,304.63275,15.15362
13-11-2024 06:30,1013.0125,2.2680879,-2.3766701,306.38947,15.134982
13-11-2024 07:30,1011.89825,2.566401,-2.2407453,307.0727,15.099597
13-11-2024 08:30,1010.9233,2.7304854,-1.961116,306.60992,15.091202
13-11-2024 09:30,1010.34143,2.7314644,-1.7728348,304.2745,14.926847
13-11-2024 10:30,1010.1781,2.2151942,-1.5215635,301.68692,14.668284
13-11-2024 11:30,1010.3106,1.4168417,-1.3810456,296.74057,14.448188
13-11-2024 12:30,1010.76654,1.1438642,-1.7431918,293.1094,14.314898
13-11-2024 13:30,1011.52014,0.77467465,-1.9487302,292.1036,14.284355
13-11-2024 14:30,1012.197,0.3571906,-1.9972903,291.23975,14.3667345
13-11-2024 15:30,1012.6392,-0.039170265,-1.7660801,290.4563,14.744054
13-11-2024 16:30,1012.8756,-0.3577267,-1.2308676,289.77594,15.24242
13-11-2024 17:30,1013.0022,-0.5452117,-0.4531935,289.153,15.643155
13-11-2024 18:30,1013.00476,-0.47252,0.454222,288.613,15.973635
13-11-2024 19:30,1012.94226,-0.2658509,1.210596,288.14508,16.206388
13-11-2024 20:30,1012.81836,6.85E-05,1.6546896,287.7182,16.392185
13-11-2024 21:30,1012.7028,0.25200462,1.6775961,287.31345,16.507795
13-11-2024 22:30,1012.7935,0.4254529,1.4368429,286.96338,16.584528
13-11-2024 23:30,1013.1117,0.49915707,1.1325792,286.64474,16.684788
14-11-2024 00:30,1013.7136,0.45037895,0.85195804,286.36285,16.792942
14-11-2024 01:30,1014.52875,0.41801512,0.6855992,286.42413,16.885023
14-11-2024 02:30,1015.40717,0.4189161,0.5752729,290.91086,16.946192
14-11-2024 03:30,1016.13104,0.43785703,0.69275105,295.5671,16.953028
14-11-2024 04:30,1016.4789,0.23116326,0.5887307,300.24643,16.960405
14-11-2024 05:30,1016.23,0.5725502,-0.11185387,305.13965,17.031036
14-11-2024 06:30,1015.41187,1.0968382,-0.55740356,306.302,17.085794
14-11-2024 07:30,1014.37195,1.3503466,-0.8464617,306.77673,17.155857
14-11-2024 08:30,1013.42596,1.4222269,-1.0038688,306.063,17.202707
14-11-2024 09:30,1012.84625,1.255943,-1.0158066,305.06183,17.21836
14-11-2024 10:30,1012.6136,0.8275097,-1.0001174,302.4106,17.186987
14-11-2024 11:30,1012.6283,0.080258355,-1.1185658,297.30658,17.092855
14-11-2024 12:30,1012.8886,-0.8998391,-1.3665779,293.3271,16.967243
14-11-2024 13:30,1013.4314,-1.621095,-1.3109422,292.3259,16.864681
14-11-2024 14:30,1013.96686,-2.0107968,-1.0967861,291.4748,16.816547
14-11-2024 15:30,1014.3219,-2.045809,-0.7855898,290.69577,16.885775
14-11-2024 16:30,1014.492,-1.8863523,-0.32477927,290.0213,17.010086
14-11-2024 17:30,1014.512,-1.626966,0.2651267,289.39172,17.095442
14-11-2024 18:30,1014.33344,-1.2909523,0.7649529,288.8222,17.157396
14-11-2024 19:30,1014.06104,-1.018344,1.0887446,288.31314,17.227215
14-11-2024 20:30,1013.7314,-0.8195814,1.2541242,287.8619,17.281443
14-11-2024 21:30,1013.4215,-0.61729217,1.2081943,287.44482,17.374802
14-11-2024 22:30,1013.2681,-0.32408065,0.99782634,287.11255,17.507347
14-11-2024 23:30,1013.3147,0.047895342,0.75981903,286.811,17.593126
15-11-2024 00:30,1013.6883,0.4090951,0.54813325,286.55573,17.624363
15-11-2024 01:30,1014.3759,0.7986784,0.2703346,286.69064,17.718248
15-11-2024 02:30,1015.17487,1.0758605,-0.013688445,291.4767,17.765316
15-11-2024 03:30,1015.7675,1.4290495,-0.21054459,296.34814,17.671753
15-11-2024 04:30,1016.09906,1.3595773,-0.4767965,300.99518,17.695114
15-11-2024 05:30,1015.7978,2.5812328,-1.7969952,304.73834,17.741556
15-11-2024 06:30,1014.8678,3.0539923,-2.1759803,306.2916,17.827162
15-11-2024 07:30,1013.7661,3.2528834,-2.2556965,306.4213,18.076923
15-11-2024 08:30,1012.84485,3.4324536,-2.3233793,305.3597,18.248142
15-11-2024 09:30,1012.16876,3.3550105,-2.3399007,303.8244,18.169125
15-11-2024 10:30,1011.6253,2.63335,-2.193575,301.18915,17.824413
15-11-2024 11:30,1011.4498,1.476216,-1.8827899,296.5454,17.495422
15-11-2024 12:30,1011.72296,1.2028556,-2.4610217,292.91693,17.260479
15-11-2024 13:30,1012.3775,0.81976813,-2.6605139,291.9696,17.150898
15-11-2024 14:30,1013.0117,0.54890263,-2.6771264,291.161,17.057312
15-11-2024 15:30,1013.323,0.37417084,-2.5869122,290.43024,17.065033
15-11-2024 16:30,1013.2983,0.27331805,-2.3966136,289.7891,17.190151
15-11-2024 17:30,1013.0397,0.228865,-2.1492686,289.20615,17.315626
15-11-2024 18:30,1012.6206,0.2898422,-1.871822,288.68726,17.41811
15-11-2024 19:30,1012.17114,0.44843882,-1.6052338,288.21188,17.503923
15-11-2024 20:30,1011.8522,0.69927627,-1.3827442,287.79156,17.653103
15-11-2024 21:30,1011.7053,0.9845189,-1.2748358,287.41895,17.779312
15-11-2024 22:30,1011.70825,1.2560631,-1.283677,287.1126,17.867159
15-11-2024 23:30,1011.87866,1.4556963,-1.3441188,286.82132,17.845568
16-11-2024 00:30,1012.3869,1.5978984,-1.367851,286.54422,17.728903
16-11-2024 01:30,1013.0041,1.6745809,-1.334464,286.53235,17.58011
16-11-2024 02:30,1013.5662,1.4376901,-1.094203,290.06128,17.423605
16-11-2024 03:30,1013.9518,1.8738663,-1.1936867,294.0301,17.32958
16-11-2024 04:30,1014.1501,1.6438898,-0.6537942,298.20596,17.321693
16-11-2024 05:30,1013.8409,2.4410992,-1.1662052,302.40802,17.383966
16-11-2024 06:30,1013.056,3.165916,-1.8902503,304.56204,17.484959
16-11-2024 07:30,1012.03796,3.079362,-2.103458,305.2669,17.585632
16-11-2024 08:30,1011.1309,2.8293679,-2.2118802,304.82452,17.709707
16-11-2024 09:30,1010.5718,2.423696,-2.2303853,302.84164,17.779467
16-11-2024 10:30,1010.3248,1.4220588,-1.8049607,300.12723,17.779432
16-11-2024 11:30,1010.2707,0.6049354,-1.8423269,295.52283,17.717245
16-11-2024 12:30,1010.52545,-0.0221591,-2.0612144,292.6006,17.694637
16-11-2024 13:30,1011.1188,-0.56214833,-1.9964993,291.79233,17.735147
16-11-2024 14:30,1011.78326,-0.8747524,-1.8538778,291.11285,17.8847
16-11-2024 15:30,1012.2489,-0.8885629,-1.7430902,290.51593,18.207014
16-11-2024 16:30,1012.5158,-0.76978564,-1.6481441,290.01636,18.6028
16-11-2024 17:30,1012.6067,-0.6984223,-1.5018423,289.57483,18.975712
16-11-2024 18:30,1012.5499,-0.637795,-1.3075131,289.16772,19.380527
16-11-2024 19:30,1012.47345,-0.56397367,-1.0405204,288.959,19.793793
16-11-2024 20:30,1012.40594,-0.5003092,-0.7735081,288.70682,20.152163
16-11-2024 21:30,1012.2583,-0.4727173,-0.6413751,288.4358,20.206072
16-11-2024 22:30,1012.09576,-0.42354906,-0.715989,288.21527,20.063404
16-11-2024 23:30,1012.09326,-0.3849916,-0.85633016,288.93994,19.764988
17-11-2024 00:30,1012.3684,-0.401518,-1.0021796,288.59564,19.350443
17-11-2024 01:30,1012.8766,-0.35182697,-1.1205847,287.6671,18.842419
17-11-2024 02:30,1013.60205,-0.14728832,-1.1012511,290.7259,18.374166
17-11-2024 03:30,1014.37085,0.15045834,-1.3142412,294.56158,18.078362
17-11-2024 04:30,1014.8323,0.53757906,-0.9687544,298.492,18.000668
17-11-2024 05:30,1014.785,1.1774647,-1.0909175,302.69424,18.053848
17-11-2024 06:30,1014.32544,1.8413908,-1.1423843,304.16437,18.037899
17-11-2024 07:30,1013.536,2.2078161,-1.2109056,304.4809,17.897963
17-11-2024 08:30,1012.73346,2.3613706,-1.2984211,303.71555,17.680788
17-11-2024 09:30,1012.1392,2.372627,-1.4665929,302.0443,17.39438
17-11-2024 10:30,1011.83203,1.8593347,-1.4708607,299.4421,17.067684
17-11-2024 11:30,1011.796,1.2961323,-1.6852787,295.08432,16.71625
17-11-2024 12:30,1012.0041,1.1490433,-2.2821908,292.19934,16.294964
17-11-2024 13:30,1012.4919,0.89422566,-2.5673332,291.30048,15.837762
17-11-2024 14:30,1012.9575,0.7451956,-2.7229984,290.50507,15.412293
17-11-2024 15:30,1013.3986,0.75624335,-2.8192403,289.78345,15.143513
17-11-2024 16:30,1013.7551,0.84554833,-2.8663898,289.12415,14.991837
17-11-2024 17:30,1014.0357,0.9364105,-2.8650773,288.50723,14.875749
17-11-2024 18:30,1014.1598,0.99222493,-2.8125553,287.90176,14.6885605
17-11-2024 19:30,1014.1239,0.9914446,-2.714462,287.27673,14.369486
17-11-2024 20:30,1014.024,0.9960367,-2.5754108,286.65735,13.92826
17-11-2024 21:30,1013.9213,1.08768,-2.4126625,286.0667,13.427737
17-11-2024 22:30,1013.86487,1.261512,-2.2418044,285.56573,12.974195
17-11-2024 23:30,1013.98303,1.462006,-2.0306225,285.10855,12.583053
18-11-2024 00:30,1014.3767,1.6740509,-1.7530537,284.68854,12.246451
18-11-2024 01:30,1014.9387,1.8924794,-1.4226384,284.55774,11.960678
18-11-2024 02:30,1015.5806,2.0025268,-1.0251693,288.08536,11.729646
18-11-2024 03:30,1016.1847,2.5820885,-0.99139583,291.5667,11.522048
18-11-2024 04:30,1016.5524,2.0537152,-0.7026536,295.96863,11.369184
18-11-2024 05:30,1016.4226,2.261972,-1.7195717,300.30405,11.364802
18-11-2024 06:30,1015.8666,2.0800948,-2.1764405,302.62958,11.419073
18-11-2024 07:30,1015.0814,1.8531059,-2.3981645,303.43283,11.414802
18-11-2024 08:30,1014.3617,1.6516203,-2.5491164,303.07776,11.316802
18-11-2024 09:30,1013.84015,1.3719505,-2.3310742,299.10345,11.152647
18-11-2024 10:30,1013.5486,0.7997644,-1.563968,296.36462,10.992705
18-11-2024 11:30,1013.52765,0.5055145,-1.4774168,292.38647,10.856202
18-11-2024 12:30,1013.8105,0.24402544,-1.2000859,289.90103,10.723516
18-11-2024 13:30,1014.3304,0.13127032,-0.8052953,289.02762,10.606161
18-11-2024 14:30,1014.7961,0.23385663,-0.3805313,288.2464,10.554735
18-11-2024 15:30,1015.1166,0.6258689,-0.040194005,287.57648,10.5895605
18-11-2024 16:30,1015.34125,1.1778827,0.1029098,286.97028,10.667749
18-11-2024 17:30,1015.505,1.7522656,0.08529535,286.42627,10.738514
18-11-2024 18:30,1015.5475,2.2184148,-0.13729942,285.956,10.79373
18-11-2024 19:30,1015.53235,2.4782822,-0.527489,285.5185,10.824893
18-11-2024 20:30,1015.4524,2.5260324,-0.9640862,285.0936,10.820343
18-11-2024 21:30,1015.28815,2.4055698,-1.2883109,284.65048,10.768748
18-11-2024 22:30,1015.1527,2.2691166,-1.418843,284.19012,10.685864
18-11-2024 23:30,1015.15845,2.22022,-1.3920457,283.7489,10.5952
19-11-2024 00:30,1015.4377,2.2553058,-1.2469522,283.33875,10.500731
19-11-2024 01:30,1015.90643,2.3398364,-1.0415386,283.22055,10.41033
19-11-2024 02:30,1016.50946,2.1347733,-0.72722876,287.35333,10.359184
19-11-2024 03:30,1017.28577,2.9141452,-0.8312477,292.15735,10.421535
19-11-2024 04:30,1017.8605,2.2821848,-0.7037143,297.12354,10.59345
19-11-2024 05:30,1017.82513,2.4186666,-2.111345,301.84958,10.839689
19-11-2024 06:30,1017.2311,2.3160212,-2.6504593,301.99268,11.007801
19-11-2024 07:30,1016.29297,2.2282696,-2.895575,302.59497,11.02726
19-11-2024 08:30,1015.3803,2.0565462,-3.0315528,302.11,10.972364
19-11-2024 09:30,1014.60516,1.9138367,-2.9859369,301.18585,10.811559
19-11-2024 10:30,1014.12836,1.5546257,-2.4462762,298.4451,10.545238
19-11-2024 11:30,1014.03186,1.0524815,-1.8207805,293.0211,10.216422
19-11-2024 12:30,1014.2886,1.073756,-1.8915104,289.16675,9.907203
19-11-2024 13:30,1014.8511,1.1271727,-1.7763801,288.11136,9.652493
19-11-2024 14:30,1015.39655,1.2823815,-1.6548893,287.21878,9.417079
19-11-2024 15:30,1015.8055,1.4938782,-1.649294,286.42535,9.319007
19-11-2024 16:30,1015.9943,1.6475137,-1.7459077,285.76736,9.295622
19-11-2024 17:30,1015.95703,1.6894596,-1.9037676,285.1711,9.256075
19-11-2024 18:30,1015.6947,1.6444726,-2.0889187,284.61996,9.201422
19-11-2024 19:30,1015.3147,1.5402017,-2.2427163,284.0974,9.151498
19-11-2024 20:30,1014.8719,1.375011,-2.3278613,283.58707,9.080947
19-11-2024 21:30,1014.38654,1.1811122,-2.2741833,283.073,8.939915
19-11-2024 22:30,1014.03827,1.0942419,-2.078396,282.60178,8.787604
19-11-2024 23:30,1013.94495,1.2036269,-1.7828938,282.16675,8.694146
20-11-2024 00:30,1014.2225,1.4130914,-1.3568207,281.7837,8.623684
20-11-2024 01:30,1014.72284,1.6253384,-0.8186823,281.72244,8.569605
20-11-2024 02:30,1015.3791,1.6614887,-0.29748595,286.6256,8.555407
20-11-2024 03:30,1016.0659,2.3504782,-0.040955305,291.75787,8.661017
20-11-2024 04:30,1016.4872,2.0065277,0.14796549,296.54187,8.888003
20-11-2024 05:30,1016.47327,1.8000014,-0.53829646,301.4781,9.279163
20-11-2024 06:30,1015.98126,1.9231672,-1.285531,303.56165,9.721047
20-11-2024 07:30,1015.1925,1.8573906,-1.6221172,304.087,10.045595
20-11-2024 08:30,1014.372,1.6645011,-1.827818,303.4209,10.287974
20-11-2024 09:30,1013.81274,1.5520122,-2.0880942,300.87878,10.448207
20-11-2024 10:30,1013.4405,1.0643792,-1.8209095,298.05933,10.479578
20-11-2024 11:30,1013.33673,0.5881831,-1.6292807,292.6554,10.386103
20-11-2024 12:30,1013.5261,0.33623284,-1.6325076,289.0976,10.191321
20-11-2024 13:30,1014.00604,0.27196312,-1.3948514,288.09015,9.950038
20-11-2024 14:30,1014.39264,0.4871295,-1.0840187,287.2199,9.6855955
20-11-2024 15:30,1014.6863,0.7163516,-0.81680906,286.4282,9.526884
20-11-2024 16:30,1014.8103,0.8036804,-0.53702813,285.6944,9.492654
20-11-2024 17:30,1014.7657,0.85775626,-0.29287338,285.03143,9.477125
20-11-2024 18:30,1014.52014,0.8796755,-0.14735615,284.42078,9.493001
20-11-2024 19:30,1014.27844,0.87171257,-0.11812711,283.85477,9.570644
20-11-2024 20:30,1014.1326,0.82204854,-0.16926888,283.33112,9.695292
20-11-2024 21:30,1013.95654,0.8583853,-0.27164963,282.86664,9.765467
20-11-2024 22:30,1013.7358,1.0437106,-0.35433578,282.45148,9.757758
20-11-2024 23:30,1013.66907,1.3167946,-0.36763954,282.06638,9.72678
21-11-2024 00:30,1013.9289,1.6378615,-0.33275276,281.73615,9.656951
21-11-2024 01:30,1014.4336,1.9859234,-0.2875512,281.70526,9.587379
21-11-2024 02:30,1015.02515,2.0115244,-0.24101105,286.2542,9.580612
21-11-2024 03:30,1015.58044,2.7785947,-0.2937704,291.21048,9.6874
21-11-2024 04:30,1015.943,2.2654247,-0.20341529,295.80005,9.911463
21-11-2024 05:30,1015.8972,1.9006003,-1.1889534,300.68863,10.200542
21-11-2024 06:30,1015.3781,1.4029896,-1.8684669,303.05173,10.423076
21-11-2024 07:30,1014.5439,1.1177566,-1.9479502,303.77158,10.520555
21-11-2024 08:30,1013.7336,0.9703971,-1.913303,303.17834,10.551646
21-11-2024 09:30,1013.0549,0.98736465,-1.8745891,300.7469,10.4735
21-11-2024 10:30,1012.6064,0.8257762,-1.5388002,297.81195,10.258746
21-11-2024 11:30,1012.4407,0.70600986,-1.4590771,292.13263,9.965943
21-11-2024 12:30,1012.58905,0.6891916,-1.5099025,288.66257,9.661458
21-11-2024 13:30,1013.0236,0.65496206,-1.4167572,287.6607,9.3921585
21-11-2024 14:30,1013.4002,0.7077694,-1.2979398,286.79123,9.200961
21-11-2024 15:30,1013.7951,0.83770967,-1.2028726,286.01968,9.220569
21-11-2024 16:30,1014.02545,0.9813249,-1.0470424,285.3605,9.400215
21-11-2024 17:30,1014.0083,1.1339531,-0.8357055,284.75793,9.614983
21-11-2024 18:30,1013.71173,1.2295399,-0.5517808,284.20517,9.79059
21-11-2024 19:30,1013.2886,1.3054483,-0.25876796,283.6974,9.958256
21-11-2024 20:30,1012.97626,1.4231217,-0.056991875,283.2527,10.172713
21-11-2024 21:30,1012.7771,1.5643642,-0.015356481,282.87738,10.406638
21-11-2024 22:30,1012.6809,1.7360013,-0.10900534,282.54993,10.660004
21-11-2024 23:30,1012.83704,1.9550132,-0.22199675,282.2921,10.936729
22-11-2024 00:30,1013.30786,2.1669998,-0.24322194,282.07953,11.209547
22-11-2024 01:30,1014.0725,2.3857002,-0.2182746,282.0996,11.478572
22-11-2024 02:30,1014.9241,2.3574026,-0.20899284,285.84167,11.7402
22-11-2024 03:30,1015.6214,3.1168437,-0.3600073,291.06036,11.975202
22-11-2024 04:30,1015.92267,2.4602628,-0.3370546,295.39154,12.163715
22-11-2024 05:30,1015.5778,2.2649484,-0.5428076,300.23993,12.33108
22-11-2024 06:30,1014.72266,2.1152568,-1.4417576,302.6333,12.53798
22-11-2024 07:30,1013.7138,1.584404,-2.168799,303.39966,12.777084
22-11-2024 08:30,1012.96594,1.2132268,-2.656749,302.80316,12.985905
22-11-2024 09:30,1012.53906,0.7986372,-2.8019423,300.7552,13.137353
22-11-2024 10:30,1012.2692,-0.02569139,-1.9424145,297.86542,13.149251
22-11-2024 11:30,1012.16797,-1.1414629,-1.5819036,292.43854,13.052951
22-11-2024 12:30,1012.55743,-1.9305823,-1.1199045,289.24362,13.0259285
22-11-2024 13:30,1013.2539,-2.281774,-0.43853146,288.3015,13.038292
22-11-2024 14:30,1013.81555,-2.3618605,0.31449333,287.4712,13.11448
22-11-2024 15:30,1014.03296,-2.235645,1.0168332,286.74918,13.240194
22-11-2024 16:30,1013.9604,-1.8157296,1.6373478,286.22693,13.350929
22-11-2024 17:30,1013.71954,-1.1831179,2.2099009,285.57608,13.253874
22-11-2024 18:30,1013.3787,-0.41389728,2.5703332,285.07925,13.238672
22-11-2024 19:30,1012.97296,0.3188033,2.7386794,284.64883,13.287275
22-11-2024 20:30,1012.7633,1.0261143,2.6616719,284.26978,13.396338
22-11-2024 21:30,1012.66516,1.5170543,2.3364365,283.91626,13.611587
22-11-2024 22:30,1012.6245,1.7778819,1.9233087,283.5859,13.86104
22-11-2024 23:30,1012.6743,1.93423,1.5473533,283.30716,14.059814
23-11-2024 00:30,1013.1044,2.08619,1.2442691,283.06934,14.2126875
23-11-2024 01:30,1013.7992,2.2330532,1.0188746,283.04535,14.455354
23-11-2024 02:30,1014.58545,2.0802946,0.70056605,286.97934,14.678902
23-11-2024 03:30,1015.4889,2.8447628,0.530268,291.8926,14.832916
23-11-2024 04:30,1016.105,2.136903,0.11448887,296.34766,14.99928
23-11-2024 05:30,1016.07794,2.1426232,-0.5010997,300.8516,15.290408
23-11-2024 06:30,1015.4511,2.414084,-1.3662963,303.85443,15.506768
23-11-2024 07:30,1014.71985,2.0295935,-2.2347062,304.7931,15.738747
23-11-2024 08:30,1014.1317,1.4572192,-2.6876915,304.3189,15.994142
23-11-2024 09:30,1013.5647,0.6709815,-2.6257663,301.64282,16.056374
23-11-2024 10:30,1013.15454,-0.22889149,-1.8217629,298.58145,15.979019
23-11-2024 11:30,1013.0288,-1.3379027,-1.6894643,293.16705,15.91738
23-11-2024 12:30,1013.2047,-2.2137585,-1.2493635,290.14603,15.9313345
23-11-2024 13:30,1013.65314,-2.682314,-0.38842463,289.23264,15.9491625
23-11-2024 14:30,1014.02734,-2.7201602,0.68758285,288.44476,15.869512
23-11-2024 15:30,1014.41327,-2.266952,1.7049341,287.75177,15.961088
23-11-2024 16:30,1014.66046,-1.35409,2.427163,287.16293,16.11925
23-11-2024 17:30,1014.64557,-0.32046717,2.615439,286.60626,16.152836
23-11-2024 18:30,1014.41034,0.6553035,2.277453,286.0769,16.194456
23-11-2024 19:30,1014.1026,1.5092826,1.637686,285.6252,16.266113
23-11-2024 20:30,1013.8299,2.149714,0.9810374,285.27496,16.32221
23-11-2024 21:30,1013.6704,2.6478214,0.45791602,285.01254,16.393322
23-11-2024 22:30,1013.569,2.9981318,0.19188333,284.8258,16.49458
23-11-2024 23:30,1013.6739,3.2150135,0.12974906,284.67374,16.596277
24-11-2024 00:30,1014.10016,3.351813,0.1078403,284.49326,16.563501
24-11-2024 01:30,1014.77264,3.4123943,0.19829202,284.4619,16.43667
24-11-2024 02:30,1015.5136,3.9059496,0.35111666,287.9087,16.29465
24-11-2024 03:30,1016.1417,4.2413816,0.4098742,292.30923,16.19941
24-11-2024 04:30,1016.5222,2.866263,0.22726512,297.17825,16.166685
24-11-2024 05:30,1016.3378,3.8819592,-0.70009613,301.92957,16.126886
24-11-2024 06:30,1015.6071,4.058646,-1.6193484,304.34952,16.025105
24-11-2024 07:30,1014.6471,3.7380571,-2.2233734,305.14386,15.904228
24-11-2024 08:30,1013.8284,3.4364026,-2.6547499,304.67075,15.740584
24-11-2024 09:30,1013.2456,3.2341015,-2.7346768,303.216,15.577074
24-11-2024 10:30,1013.0028,2.6018932,-2.1805956,300.2345,15.421474
24-11-2024 11:30,1012.9833,1.900218,-1.63806,294.37442,15.202618
24-11-2024 12:30,1013.16486,2.1805522,-1.8033435,290.61316,14.956107
24-11-2024 13:30,1013.5772,2.2839127,-1.853854,289.6782,14.674171
24-11-2024 14:30,1013.8578,2.3424177,-1.9826025,288.87323,14.337545
24-11-2024 15:30,1014.0119,2.3627982,-2.1384525,288.1579,14.013079
24-11-2024 16:30,1014.0577,2.353683,-2.2474005,287.5169,13.728552
24-11-2024 17:30,1014.0474,2.3321538,-2.2907119,286.9284,13.396721
24-11-2024 18:30,1013.93054,2.316317,-2.2624278,286.36026,12.979329
24-11-2024 19:30,1013.8794,2.30188,-2.1533408,285.80002,12.561508
24-11-2024 20:30,1014.0207,2.3155973,-1.9954604,285.23615,12.170963
24-11-2024 21:30,1014.1707,2.334839,-1.7708342,284.67654,11.897915
24-11-2024 22:30,1014.29767,2.4110308,-1.4584436,284.21167,11.781183
24-11-2024 23:30,1014.53174,2.5539536,-1.1615832,283.83594,11.757692
25-11-2024 00:30,1014.90234,2.677681,-0.943465,283.5298,11.808418
25-11-2024 01:30,1015.4467,2.789073,-0.811895,283.46335,12.01124
25-11-2024 02:30,1016.03314,2.4846807,-0.7106013,287.1541,12.342879
25-11-2024 03:30,1016.6018,3.3333101,-1.2084765,291.63596,12.66673
25-11-2024 04:30,1016.9611,2.6512868,-1.1977596,295.78787,12.979205
25-11-2024 05:30,1016.7361,2.7976148,-1.7969381,300.1034,13.350835
25-11-2024 06:30,1015.98193,3.3711004,-2.5865846,302.61063,13.64875
25-11-2024 07:30,1014.92126,3.437716,-2.8609674,303.18417,13.785708
25-11-2024 08:30,1014.0491,3.3977451,-2.9888458,302.58823,13.742745
25-11-2024 09:30,1013.38763,3.148279,-2.9955986,300.557,13.594803
25-11-2024 10:30,1012.93713,2.0826478,-2.2419114,297.6738,13.365195
25-11-2024 11:30,1012.747,1.6777925,-2.0167384,292.57043,13.018341
25-11-2024 12:30,1012.897,1.9520574,-2.219058,289.5701,12.657981
25-11-2024 13:30,1013.38135,2.1678987,-2.1786785,288.72058,12.328369
25-11-2024 14:30,1013.8575,2.3569515,-2.1189022,287.97293,12.046046
25-11-2024 15:30,1014.2541,2.564432,-2.0793147,287.3219,11.829641
25-11-2024 16:30,1014.52295,2.7877834,-2.068945,286.7631,11.664283
25-11-2024 17:30,1014.6557,2.886694,-2.1158462,286.24622,11.441184
25-11-2024 18:30,1014.6281,2.8177161,-2.224796,285.7117,11.216786
25-11-2024 19:30,1014.4981,2.6115193,-2.3548105,285.118,11.040441
25-11-2024 20:30,1014.3489,2.377324,-2.3833764,284.44656,10.821475
25-11-2024 21:30,1014.22064,2.1538665,-2.315716,283.77795,10.6815195
25-11-2024 22:30,1014.21796,1.9713653,-2.1375635,283.1808,10.651517
25-11-2024 23:30,1014.3055,1.8450825,-1.8767483,282.6369,10.625873
26-11-2024 00:30,1014.604,1.8532159,-1.4455155,282.1692,10.593184
26-11-2024 01:30,1015.16693,2.060682,-0.96005726,281.9923,10.561109
26-11-2024 02:30,1015.9305,2.1227162,-0.57206345,286.16815,10.6508465
26-11-2024 03:30,1016.58203,3.0823076,-0.613905,290.76498,10.81975
26-11-2024 04:30,1016.9412,2.4976373,-0.42007363,295.4416,11.000999
26-11-2024 05:30,1016.74603,2.8928633,-1.290652,300.12103,11.29795
26-11-2024 06:30,1015.9839,3.3454952,-2.3197064,302.50293,11.570772
26-11-2024 07:30,1014.96765,3.1347837,-2.6614664,303.2919,11.726662
26-11-2024 08:30,1014.0678,2.8833284,-2.8786633,302.87256,11.867384
26-11-2024 09:30,1013.3386,2.6622224,-2.9190998,300.7127,11.985331
26-11-2024 10:30,1012.8689,1.7273552,-2.0767448,297.67734,12.088456
26-11-2024 11:30,1012.66705,1.4331084,-1.8179108,292.1549,12.003317
26-11-2024 12:30,1012.81665,1.60699,-1.7864614,288.97125,11.714335
26-11-2024 13:30,1013.25903,1.7567521,-1.5659587,288.0671,11.382614
26-11-2024 14:30,1013.6258,1.9398786,-1.3201393,287.2714,11.246537
26-11-2024 15:30,1013.8617,2.1527393,-1.2086743,286.6041,11.388285
26-11-2024 16:30,1013.9377,2.3226607,-1.1383095,286.0479,11.706289
26-11-2024 17:30,1013.9295,2.4054985,-1.0448067,285.5646,12.203961
26-11-2024 18:30,1013.8657,2.4017525,-0.9756727,285.14322,12.76332
26-11-2024 19:30,1013.7736,2.3154995,-0.90191174,284.7428,13.240921
26-11-2024 20:30,1013.6902,2.2218795,-0.77549225,284.36487,13.585151
26-11-2024 21:30,1013.5639,2.156094,-0.5538757,284.01947,13.74553
26-11-2024 22:30,1013.40533,2.1681244,-0.22597563,283.7278,13.74901
26-11-2024 23:30,1013.3973,2.269019,0.115147054,283.49255,13.654652
27-11-2024 00:30,1013.7023,2.3858376,0.38681662,283.31128,13.529306
27-11-2024 01:30,1014.23346,2.491334,0.5482838,283.3117,13.40819
27-11-2024 02:30,1014.8748,2.318403,0.5268582,286.74683,13.303065
27-11-2024 03:30,1015.617,2.856968,0.4419192,291.79123,13.278732
27-11-2024 04:30,1016.15045,1.968112,-0.080920875,296.0313,13.284915
27-11-2024 05:30,1015.9197,2.038149,-0.8155284,300.67157,13.271633
27-11-2024 06:30,1015.09326,2.1517959,-1.7902755,302.98627,13.199891
27-11-2024 07:30,1014.0508,2.0038712,-2.400706,303.50763,13.038482
27-11-2024 08:30,1013.1393,1.7485055,-2.717628,302.8674,12.748334
27-11-2024 09:30,1012.59576,1.540213,-2.8302054,300.90686,12.395643
27-11-2024 10:30,1012.368,1.0027647,-2.4419188,297.93216,11.972388
27-11-2024 11:30,1012.47406,0.26199305,-2.161793,292.5425,11.498642
27-11-2024 12:30,1012.8993,-0.1791259,-2.4390826,289.25494,11.017418
27-11-2024 13:30,1013.5811,-0.44392204,-2.36309,288.26248,10.55982
27-11-2024 14:30,1014.2645,-0.450184,-2.1363845,287.33557,10.16473
27-11-2024 15:30,1014.6884,-0.35080302,-1.8524125,286.47955,9.808776
27-11-2024 16:30,1014.85016,-0.24316263,-1.5091386,285.67972,9.518359
27-11-2024 17:30,1014.8342,-0.12907171,-1.1387966,284.94745,9.338726
27-11-2024 18:30,1014.68585,-0.09470391,-0.88390756,284.29092,9.256973
27-11-2024 19:30,1014.5787,-0.13864398,-0.6892764,283.68506,9.260573
27-11-2024 20:30,1014.52545,-0.3206588,-0.5111843,283.14978,9.263138
27-11-2024 21:30,1014.4815,-0.45246708,-0.31153738,282.63007,9.2427635
27-11-2024 22:30,1014.52673,-0.41330695,-0.14475423,282.14923,9.200558
27-11-2024 23:30,1014.6431,-0.27660882,0.037641317,281.6902,9.107265
28-11-2024 00:30,1015.0489,-0.024839401,0.25041878,281.27148,8.983719
28-11-2024 01:30,1015.8005,0.3470887,0.40226322,281.0915,8.883749
28-11-2024 02:30,1016.6897,0.6573427,0.43699777,285.5598,8.817352
28-11-2024 03:30,1017.50116,0.83515644,0.45414114,291.2559,8.805427
28-11-2024 04:30,1017.9562,0.5457214,0.30956793,296.06927,8.882242
28-11-2024 05:30,1017.77594,0.21008527,-0.7939763,300.98978,9.02412
28-11-2024 06:30,1017.02264,0.11555714,-1.3666694,303.49048,9.143936
28-11-2024 07:30,1016.06476,0.14982018,-1.5441359,304.16034,9.249927
28-11-2024 08:30,1015.2514,0.17884994,-1.8064586,303.41623,9.343762
28-11-2024 09:30,1014.74243,0.15250036,-1.9957532,300.43268,9.426522
28-11-2024 10:30,1014.454,-0.06424171,-1.5927628,297.20874,9.434728
28-11-2024 11:30,1014.4397,-0.45507127,-1.7323581,291.49258,9.330267
28-11-2024 12:30,1014.7969,-0.86633503,-1.7873776,288.3425,9.2164545
28-11-2024 13:30,1015.4163,-1.1641538,-1.5825672,287.35638,9.180032
28-11-2024 14:30,1016.03186,-1.3188206,-1.1542362,286.48788,9.217788
28-11-2024 15:30,1016.4305,-1.2006345,-0.5547464,285.68896,9.210178
28-11-2024 16:30,1016.55023,-0.87392807,0.067209244,284.9676,9.168462
28-11-2024 17:30,1016.6167,-0.29920793,0.55251706,284.33322,9.182824
28-11-2024 18:30,1016.41675,0.2500875,0.79816115,283.80145,9.355011
28-11-2024 19:30,1016.0847,0.63740957,0.8519839,283.3332,9.609207
28-11-2024 20:30,1015.86487,1.0298097,0.8224155,282.8979,9.878907
28-11-2024 21:30,1015.9041,1.2885549,0.69380736,282.5124,10.148052
28-11-2024 22:30,1016.1306,1.4372958,0.59534645,282.17746,10.3777275
28-11-2024 23:30,1016.4854,1.559969,0.5605398,281.88843,10.542058
29-11-2024 00:30,1016.9939,1.6620411,0.5182294,281.6295,10.653472
29-11-2024 01:30,1017.633,1.8268429,0.32520103,281.53473,10.768485
29-11-2024 02:30,1018.0768,1.7819701,-0.02452147,284.8661,10.806891
29-11-2024 03:30,1018.2556,1.8616403,-0.40389735,290.3307,10.803436
29-11-2024 04:30,1018.3462,1.3179699,-0.5960276,294.6406,10.930803
29-11-2024 05:30,1018.06,0.56927633,-0.8917122,299.39783,11.224418
29-11-2024 06:30,1017.3859,-0.2519499,-1.5345201,302.63507,11.621471
29-11-2024 07:30,1016.4205,-0.4038614,-1.6361665,303.30966,11.999212
29-11-2024 08:30,1015.4956,-0.37400663,-1.7210898,302.6109,12.311112
29-11-2024 09:30,1014.91956,-0.24885327,-1.9408498,300.18954,12.587845
29-11-2024 10:30,1014.68555,-0.21195096,-1.6658103,297.10254,12.782726
29-11-2024 11:30,1014.7258,-0.49157,-1.5940167,291.50348,12.884099
29-11-2024 12:30,1015.03033,-0.84467876,-1.5350953,288.35025,12.927133
29-11-2024 13:30,1015.4875,-1.0445888,-1.185089,287.39673,12.982079
29-11-2024 14:30,1015.8103,-1.017545,-0.62679255,286.5203,13.08013
29-11-2024 15:30,1015.9662,-0.7282153,0.03800136,285.71863,13.213542
29-11-2024 16:30,1015.9514,-0.1636188,0.6808834,285.06503,13.366652
29-11-2024 17:30,1015.8011,0.4929133,1.0690151,284.53766,13.550482
29-11-2024 18:30,1015.5706,1.1928377,1.1797065,284.0885,13.785215
29-11-2024 19:30,1015.40796,1.7736557,0.9945021,283.68207,14.074139
29-11-2024 20:30,1015.19904,2.0361514,0.52648216,283.27512,14.199259
29-11-2024 21:30,1014.9791,2.0128927,-0.09699538,282.87485,14.161145
29-11-2024 22:30,1014.79803,1.8179266,-0.71870947,282.60052,14.088654
29-11-2024 23:30,1014.88983,1.6264737,-1.1650276,282.22385,14.12934
30-11-2024 00:30,1015.4637,1.6644077,-1.3468599,281.82275,14.221245
30-11-2024 01:30,1016.15533,1.6542277,-1.3977591,281.66953,14.3014
30-11-2024 02:30,1016.6944,1.3733559,-1.2784094,285.46692,14.3306265
30-11-2024 03:30,1017.0072,1.5892456,-1.753754,290.58142,14.383744
30-11-2024 04:30,1017.04065,1.1785814,-1.6460388,295.18408,14.460424
30-11-2024 05:30,1016.5546,0.73706007,-3.186794,299.5509,14.64212
30-11-2024 06:30,1015.5705,0.608778,-3.7851644,300.93274,15.014244
30-11-2024 07:30,1014.33673,0.54933196,-3.7422743,301.60162,15.453547
30-11-2024 08:30,1013.2185,0.57734036,-3.446422,301.1661,15.883906
30-11-2024 09:30,1012.39954,0.70315355,-3.024806,299.9934,16.134308
30-11-2024 10:30,1011.90533,0.631539,-2.1421738,297.06732,16.232475
30-11-2024 11:30,1011.71216,0.64336103,-1.6785163,291.5653,16.295464
30-11-2024 12:30,1011.88556,0.8947118,-1.6112419,288.4503,16.264706
30-11-2024 13:30,1012.3391,1.187254,-1.4992707,287.61813,16.155725
30-11-2024 14:30,1012.83923,1.4910555,-1.477386,286.9143,16.030682
30-11-2024 15:30,1013.21124,1.6763319,-1.6241066,286.2912,16.069029
30-11-2024 16:30,1013.4581,1.661439,-1.8619325,285.73398,16.309528
30-11-2024 17:30,1013.5304,1.4681871,-2.110583,285.1902,16.620419
30-11-2024 18:30,1013.4794,1.1725578,-2.3096619,284.67477,16.939278
30-11-2024 19:30,1013.4025,0.81724656,-2.4202785,284.18094,17.273853
30-11-2024 20:30,1013.29376,0.4431934,-2.4753616,283.7181,17.6319
30-11-2024 21:30,1013.0586,0.08244538,-2.4376645,283.3249,17.966663
30-11-2024 22:30,1012.86505,-0.12966822,-2.3172436,282.9494,18.309439
30-11-2024 23:30,1012.8922,-0.17483768,-2.1485407,282.61652,18.699186
01-12-2024 00:30,1013.2997,-0.11376195,-1.9193401,282.3413,19.089113
01-12-2024 01:30,1013.9121,-0.018939555,-1.6243525,282.24884,19.323011
01-12-2024 02:30,1014.56213,0.13476276,-1.1531063,286.33456,19.314915
01-12-2024 03:30,1015.20703,0.44417846,-0.654953,291.383,19.166475
01-12-2024 04:30,1015.58923,0.6164393,0.019520283,296.20734,19.033787
01-12-2024 05:30,1015.3404,0.6860062,-1.2892575,300.74597,18.893297
01-12-2024 06:30,1014.3828,0.7931683,-1.720783,303.08612,18.620073
01-12-2024 07:30,1013.02374,0.8969743,-1.8586876,303.79907,18.245207
01-12-2024 08:30,1011.6995,0.88763297,-2.0072453,303.28076,17.94048
01-12-2024 09:30,1010.8063,0.9565786,-2.3084536,301.0116,17.839018
01-12-2024 10:30,1010.3353,0.87908673,-2.3145792,297.9528,17.769045
01-12-2024 11:30,1010.1526,0.49326098,-2.0244138,292.61267,17.5117
01-12-2024 12:30,1010.2561,0.32229626,-2.364984,289.44858,17.105854
01-12-2024 13:30,1010.75116,0.21516097,-2.5035415,288.55286,16.668522
01-12-2024 14:30,1011.3039,0.26876557,-2.576925,287.75708,16.317234
01-12-2024 15:30,1011.66455,0.3997165,-2.5945354,287.0232,15.922886
01-12-2024 16:30,1011.6856,0.4085394,-2.581391,286.35016,15.407653
01-12-2024 17:30,1011.53534,0.31016612,-2.5395076,285.70444,14.958987
01-12-2024 18:30,1011.3646,0.2513764,-2.4666793,285.1166,14.670548
01-12-2024 19:30,1011.25385,0.18650436,-2.401579,284.57803,14.522713
01-12-2024 20:30,1011.19336,0.006283402,-2.2239983,284.05493,14.448908
01-12-2024 21:30,1011.1989,-0.1342206,-1.9274567,283.56775,14.552038
01-12-2024 22:30,1011.2623,-0.15056336,-1.5454836,283.15118,14.783229
01-12-2024 23:30,1011.5212,-0.056107998,-1.1337361,282.78745,14.986782
02-12-2024 00:30,1012.1277,0.16514301,-0.68072057,282.46164,15.1420765
02-12-2024 01:30,1012.9178,0.5209623,-0.114831254,282.34167,15.270618
02-12-2024 02:30,1013.65656,0.8361729,0.34492087,286.25745,15.396296
02-12-2024 03:30,1014.3067,1.3524643,0.6788828,291.59497,15.647167
02-12-2024 04:30,1014.77734,1.3375559,0.53796864,296.09396,16.012112
02-12-2024 05:30,1014.6937,0.92850214,-0.88106155,300.9828,16.447376
02-12-2024 06:30,1014.0357,0.8150302,-2.1754992,303.65463,16.901094
02-12-2024 07:30,1013.0728,0.85713685,-2.4903336,304.32397,17.221973
02-12-2024 08:30,1012.158,0.7514332,-2.6925988,303.78543,17.465065
02-12-2024 09:30,1011.61194,0.59116787,-2.769435,302.23932,17.607481
02-12-2024 10:30,1011.3709,0.19470769,-2.2504635,299.2308,17.60848
02-12-2024 11:30,1011.45905,-0.33510166,-1.8212104,293.50198,17.57784
02-12-2024 12:30,1011.9226,-0.76188457,-1.7970767,290.17734,17.492708
02-12-2024 13:30,1012.78345,-0.94952047,-1.5601147,289.2663,17.414375
02-12-2024 14:30,1013.58044,-0.93775725,-1.33203,288.4427,17.390167
02-12-2024 15:30,1014.09546,-0.7537543,-1.1305655,287.70517,17.397879
02-12-2024 16:30,1014.368,-0.5853972,-0.9862569,287.04807,17.461035
02-12-2024 17:30,1014.4158,-0.6082832,-0.8758993,286.44113,17.532593
02-12-2024 18:30,1014.3089,-0.7183878,-0.8332154,285.8836,17.620785
02-12-2024 19:30,1014.1828,-0.8620102,-0.7826226,285.351,17.690653
02-12-2024 20:30,1014.0581,-0.9983036,-0.69208264,284.83685,17.70563
02-12-2024 21:30,1013.8694,-1.0361007,-0.6483256,284.3431,17.673723
02-12-2024 22:30,1013.7239,-0.89328796,-0.63739127,283.88873,17.563877
02-12-2024 23:30,1013.78906,-0.5745744,-0.5824682,283.4759,17.430761
03-12-2024 00:30,1014.1842,-0.11152312,-0.46059445,283.14706,17.328966
03-12-2024 01:30,1014.8033,0.4260584,-0.28973693,283.03702,17.281929
03-12-2024 02:30,1015.4423,0.8890809,-0.15954828,287.35022,17.297428
03-12-2024 03:30,1016.0403,1.4365656,-0.039478302,293.09723,17.289528
03-12-2024 04:30,1016.5389,1.4281833,0.07793781,297.81598,17.297268
03-12-2024 05:30,1016.58014,0.86566603,-1.0865777,302.83426,17.391373
03-12-2024 06:30,1016.0871,0.90870976,-1.5999633,305.0146,17.407347
03-12-2024 07:30,1015.3614,1.057473,-1.8134241,305.54028,17.352955
03-12-2024 08:30,1014.65436,1.0869563,-2.0898046,304.79276,17.252125
03-12-2024 09:30,1014.0771,1.0960132,-2.3534117,302.51575,17.159597
03-12-2024 10:30,1013.7022,0.86401737,-2.132179,299.43344,17.033648
03-12-2024 11:30,1013.52045,0.5519854,-1.9983292,293.79547,16.792
03-12-2024 12:30,1013.6972,0.53744125,-2.3586984,290.6169,16.489351
03-12-2024 13:30,1014.27094,0.6029389,-2.5051918,289.71347,16.223886
03-12-2024 14:30,1014.7717,0.7360804,-2.65882,288.93994,15.969657
03-12-2024 15:30,1015.02686,0.9216502,-2.8333642,288.2704,15.801666
03-12-2024 16:30,1015.1014,1.1065592,-2.9392536,287.67206,15.716115
03-12-2024 17:30,1015.0575,1.2737693,-2.943394,287.09814,15.63875
03-12-2024 18:30,1014.8161,1.4581516,-2.8887177,286.57593,15.581381
03-12-2024 19:30,1014.56287,1.6268876,-2.8175018,286.12747,15.539135
03-12-2024 20:30,1014.4426,1.7516251,-2.7630613,285.73962,15.513657
03-12-2024 21:30,1014.2605,1.7965833,-2.7511435,285.41763,15.453547
03-12-2024 22:30,1013.9447,1.8072932,-2.7601945,285.1398,15.380064
03-12-2024 23:30,1013.73315,1.8382962,-2.7152352,284.8546,15.374207
04-12-2024 00:30,1013.8567,1.9557414,-2.5732164,284.5647,15.392503
04-12-2024 01:30,1014.19275,2.1688752,-2.3378005,284.41278,15.379443
04-12-2024 02:30,1014.6106,2.73074,-2.2431114,287.86096,15.293001
04-12-2024 03:30,1015.16406,3.5424109,-2.267343,292.30948,15.016534
04-12-2024 04:30,1015.6909,3.1684895,-1.6331252,297.09482,14.696301
04-12-2024 05:30,1015.7059,4.133143,-3.4657233,301.24527,14.486194
04-12-2024 06:30,1015.1644,4.718423,-3.7006466,303.34076,14.256589
04-12-2024 07:30,1014.3599,4.8580813,-3.5537598,303.91647,13.933896
04-12-2024 08:30,1013.563,4.8433046,-3.4145339,303.38153,13.609451
04-12-2024 09:30,1013.0344,4.8483677,-3.244963,301.6436,13.37964
04-12-2024 10:30,1012.7776,4.4308496,-2.8749108,298.8653,13.1233225
04-12-2024 11:30,1012.7481,2.7808156,-1.8361685,293.51022,12.77487
04-12-2024 12:30,1013.0542,2.9314518,-1.9940554,290.12277,12.368455
04-12-2024 13:30,1013.57794,2.9075074,-2.0633883,289.16797,11.968092
04-12-2024 14:30,1013.9817,2.817265,-2.116388,288.23248,11.583657
04-12-2024 15:30,1014.21436,2.7683125,-2.18971,287.41022,11.247874
04-12-2024 16:30,1014.3611,2.727778,-2.2789688,286.71982,10.906607
04-12-2024 17:30,1014.3744,2.6470401,-2.3251305,286.0115,10.476157
04-12-2024 18:30,1014.0556,2.5521665,-2.2876647,285.24115,10.017105
04-12-2024 19:30,1013.7494,2.5047657,-2.2291965,284.5296,9.693084
04-12-2024 20:30,1013.58124,2.4954581,-2.131795,283.89124,9.516635
04-12-2024 21:30,1013.42456,2.4812167,-2.0139344,283.30927,9.460936
04-12-2024 22:30,1013.3031,2.441417,-1.9351923,282.7751,9.459218
04-12-2024 23:30,1013.3611,2.459114,-1.8365655,282.30725,9.500636
05-12-2024 00:30,1013.6368,2.5303864,-1.6976725,281.9001,9.53845
05-12-2024 01:30,1014.0723,2.6493285,-1.497021,281.6585,9.501697
05-12-2024 02:30,1014.6044,2.9605966,-1.3666465,285.53973,9.428292
05-12-2024 03:30,1015.14685,3.494928,-1.2189918,290.29633,9.353269
05-12-2024 04:30,1015.64404,3.00731,-0.65336317,295.6001,9.295715
05-12-2024 05:30,1015.6177,4.4925704,-1.9734542,299.6177,9.243126
05-12-2024 06:30,1015.0051,4.7208233,-1.9002184,301.54187,9.223659
05-12-2024 07:30,1014.1213,4.784006,-1.7718947,302.22818,9.2839775
05-12-2024 08:30,1013.335,4.792462,-1.8734162,301.8212,9.38814
05-12-2024 09:30,1012.67975,4.623407,-2.050452,300.20407,9.381296
05-12-2024 10:30,1012.27563,3.9240603,-1.9366695,297.38486,9.279646
05-12-2024 11:30,1012.14014,2.4874792,-1.4106975,291.4705,9.1781025
05-12-2024 12:30,1012.3592,2.7246757,-1.7888807,287.77557,9.057663
05-12-2024 13:30,1012.9564,2.687852,-1.9872425,286.83896,8.9117985
05-12-2024 14:30,1013.56226,2.6250982,-2.1158984,286.01767,8.954841
05-12-2024 15:30,1014.0876,2.6069477,-2.2105622,285.34323,9.247771
05-12-2024 16:30,1014.2633,2.4876854,-2.2253494,284.72244,9.574311
05-12-2024 17:30,1014.1743,2.2819471,-2.1566875,284.09335,9.850754
05-12-2024 18:30,1014.0002,2.138925,-2.0635214,283.55194,10.163525
05-12-2024 19:30,1013.5442,1.9829388,-1.900217,283.0291,10.431123
05-12-2024 20:30,1013.2009,1.9665663,-1.7091081,282.568,10.698061
05-12-2024 21:30,1012.84235,2.0860999,-1.4169955,282.16367,10.88333
05-12-2024 22:30,1012.4564,2.3228521,-1.0929943,281.83566,11.029897
05-12-2024 23:30,1012.3156,2.6457493,-0.8233086,281.6201,11.23219
06-12-2024 00:30,1012.65735,3.0031962,-0.5956293,281.5441,11.464291
06-12-2024 01:30,1013.247,3.2678268,-0.39788982,281.67923,11.696971
06-12-2024 02:30,1013.84686,3.6139607,-0.30715865,285.8129,11.853568
06-12-2024 03:30,1014.34,4.375601,-0.22166222,290.80905,11.857488
06-12-2024 04:30,1014.70056,3.767829,-0.5136833,296.20117,11.766901
06-12-2024 05:30,1014.5386,4.544325,-1.6400812,299.98254,11.635692
06-12-2024 06:30,1013.83575,4.4090867,-1.6510947,301.78452,11.506918
06-12-2024 07:30,1012.8674,4.296991,-1.5671179,302.43665,11.348534
06-12-2024 08:30,1011.99695,4.1142216,-1.5769923,302.00027,11.06162
06-12-2024 09:30,1011.36,3.8328917,-1.6857228,300.10486,10.614849
06-12-2024 10:30,1011.0993,3.1728063,-1.6633041,297.05475,10.057329
06-12-2024 11:30,1011.0544,2.0059109,-1.3816323,291.06808,9.398399
06-12-2024 12:30,1011.2824,1.994461,-1.7730906,287.33887,8.758155
06-12-2024 13:30,1011.8186,1.7980268,-1.9377779,286.19556,8.259081
06-12-2024 14:30,1012.2333,1.6215227,-1.9623363,285.16702,7.870347
06-12-2024 15:30,1012.34314,1.5606622,-1.8710294,284.21002,7.5936923
06-12-2024 16:30,1012.2262,1.604238,-1.7017847,283.37213,7.3609266
06-12-2024 17:30,1012.03046,1.7282419,-1.4989657,282.61383,7.1638627
06-12-2024 18:30,1011.73206,1.8497815,-1.34011,281.9326,6.972925
06-12-2024 19:30,1011.4434,1.9041986,-1.2248193,281.30353,6.796441
06-12-2024 20:30,1011.27893,1.8887007,-1.1508455,280.72104,6.66725
06-12-2024 21:30,1011.1688,1.8329406,-1.0928231,280.18115,6.5948176
06-12-2024 22:30,1011.0809,1.7311894,-0.98816466,279.68317,6.563896
06-12-2024 23:30,1011.12195,1.6673373,-0.6630076,279.2038,6.5137405
07-12-2024 00:30,1011.58093,1.8130698,-0.16655932,278.80756,6.476058
07-12-2024 01:30,1012.1425,2.041124,0.3063539,278.61047,6.4317536
07-12-2024 02:30,1012.72687,2.0617645,0.52355564,283.09348,6.3633003
07-12-2024 03:30,1013.42847,2.6816683,0.6956899,289.16464,6.3485355
07-12-2024 04:30,1014.0144,1.8295285,0.5180953,294.38904,6.439187
07-12-2024 05:30,1014.03577,2.0184696,0.22881833,299.23492,6.603876
07-12-2024 06:30,1013.52203,1.8297777,-0.5772823,301.14682,6.794923
07-12-2024 07:30,1012.6863,1.5367534,-1.0402029,301.8043,7.004121
07-12-2024 08:30,1011.90674,1.2671076,-1.311724,301.1383,7.1816134
07-12-2024 09:30,1011.33966,0.99278545,-1.3987832,298.85022,7.1665716
07-12-2024 10:30,1010.9735,0.44396186,-1.2657418,295.5437,6.9877014
07-12-2024 11:30,1010.877,-0.44983852,-1.2013193,289.13654,6.7966576
07-12-2024 12:30,1011.1033,-1.3591084,-1.2248162,285.48438,6.616276
07-12-2024 13:30,1011.6607,-2.0691628,-0.94821924,284.50635,6.4952655
07-12-2024 14:30,1012.2286,-2.5217586,-0.54092085,283.66403,6.4665737
07-12-2024 15:30,1012.67755,-2.7145934,0.017617226,282.932,6.507734
07-12-2024 16:30,1012.9283,-2.658349,0.7032306,282.2781,6.6219177
07-12-2024 17:30,1012.97656,-2.4412112,1.380728,281.70157,6.7916093
07-12-2024 18:30,1012.87085,-2.1113687,1.9427743,281.20087,6.9844265
07-12-2024 19:30,1012.65704,-1.784323,2.3760037,280.76953,7.148464
07-12-2024 20:30,1012.4561,-1.5109459,2.6582444,280.383,7.300921
07-12-2024 21:30,1012.2739,-1.4527563,2.779868,280.0399,7.5252037
07-12-2024 22:30,1012.16266,-1.618966,2.7819307,279.75986,7.826253
07-12-2024 23:30,1012.375,-1.8269435,2.792665,279.58688,8.204353
08-12-2024 00:30,1012.8693,-1.9670975,2.8507717,279.54895,8.694964
08-12-2024 01:30,1013.5486,-2.0517445,2.9781334,279.649,9.377438
08-12-2024 02:30,1014.1765,-2.6993465,3.9085286,282.79828,10.205773
08-12-2024 03:30,1014.58826,-3.099636,4.291143,286.74765,11.124643
08-12-2024 04:30,1014.818,-3.0067632,4.016818,291.60986,12.135341
08-12-2024 05:30,1014.50494,-3.1379929,5.0360084,295.77072,13.2212105
08-12-2024 06:30,1013.6145,-2.6796775,5.157069,298.17804,14.195597
08-12-2024 07:30,1012.4169,-2.1921892,5.0332036,299.38336,14.983784
08-12-2024 08:30,1011.3382,-1.8265555,4.828225,299.4379,15.70323
08-12-2024 09:30,1010.52124,-1.824859,4.541098,297.3694,16.38521
08-12-2024 10:30,1009.9458,-1.8456798,3.4282951,294.7366,17.380003
08-12-2024 11:30,1009.6425,-2.0265508,2.1483445,290.63617,18.265581
08-12-2024 12:30,1009.71234,-2.631816,2.1930501,288.9089,18.451784
08-12-2024 13:30,1009.9533,-2.945345,2.209144,288.08136,17.670498
08-12-2024 14:30,1010.1375,-2.9502158,2.2814066,286.79855,16.131002
08-12-2024 15:30,1010.2595,-2.5225155,2.5452583,285.82147,14.738106
08-12-2024 16:30,1010.40485,-1.6232646,2.8383853,284.94727,13.790062
08-12-2024 17:30,1010.52814,-0.44759226,2.8791685,283.97186,12.808386
08-12-2024 18:30,1010.5876,0.76218104,2.6405303,282.92593,11.3693695
08-12-2024 19:30,1010.70056,1.7483325,1.9695272,281.82013,9.560579
08-12-2024 20:30,1010.8114,2.0553324,1.3551444,280.69147,7.9122934
08-12-2024 21:30,1010.97906,2.0312674,0.7240635,279.62964,6.9128504
08-12-2024 22:30,1011.2667,1.7539127,0.069232404,278.72125,6.5532365
08-12-2024 23:30,1011.762,1.2948401,-0.3879431,278.0331,6.5883865
09-12-2024 00:30,1012.59607,0.6707674,-0.64624965,277.50934,6.871872
09-12-2024 01:30,1013.6485,-0.13579512,-0.79801154,277.22794,7.2785964
09-12-2024 02:30,1014.6422,-1.0338432,-0.6747278,281.0157,7.7034483
09-12-2024 03:30,1015.5593,-1.3975859,-0.51185846,285.7705,8.094383
09-12-2024 04:30,1016.44055,-1.3218106,-0.3468088,291.04965,8.528852
09-12-2024 05:30,1016.79297,-1.0928998,-0.41839284,296.1134,9.031077
09-12-2024 06:30,1016.38007,-0.05036354,-1.0260803,298.55646,9.481715
09-12-2024 07:30,1015.68774,1.0491133,-1.8468221,298.83206,10.003402
09-12-2024 08:30,1015.0608,1.9765747,-2.9868414,297.8075,10.680923
09-12-2024 09:30,1014.82477,2.405173,-4.010452,295.74835,11.378301
09-12-2024 10:30,1014.95593,2.1575274,-4.5562973,293.1187,11.764529
09-12-2024 11:30,1015.34045,1.0985603,-3.2666616,288.66348,11.6392
09-12-2024 12:30,1015.8789,0.63010716,-3.36267,285.92096,11.03068
09-12-2024 13:30,1016.52893,0.09201479,-3.3621187,284.971,10.248842
09-12-2024 14:30,1017.14734,-0.28941917,-3.2187815,283.99692,9.568794
09-12-2024 15:30,1017.7004,-0.3150363,-3.1653717,283.13458,9.1433115
09-12-2024 16:30,1017.9494,-0.15235615,-3.1051195,282.34488,8.910866
09-12-2024 17:30,1017.91315,0.097308874,-3.0004535,281.60303,8.709929
09-12-2024 18:30,1017.5683,0.40443385,-2.9327836,280.9666,8.492406
09-12-2024 19:30,1017.23737,0.8909526,-2.8066745,280.38925,8.260337
09-12-2024 20:30,1017.02655,1.4912946,-2.630464,279.92737,7.989455
09-12-2024 21:30,1016.77515,1.9614687,-2.4806209,279.53378,7.628203
09-12-2024 22:30,1016.52325,2.2667484,-2.3368666,279.1347,7.2460804
09-12-2024 23:30,1016.3515,2.4521003,-2.2166696,278.72437,6.9419055
10-12-2024 00:30,1016.54846,2.5388246,-2.1433053,278.3288,6.763235
10-12-2024 01:30,1017.0549,2.5700696,-2.1281838,278.06296,6.691876
10-12-2024 02:30,1017.635,3.0246983,-2.5048957,281.61224,6.680596
10-12-2024 03:30,1018.26776,3.3325667,-2.5550756,285.868,6.668725
10-12-2024 04:30,1018.725,2.8132052,-1.9052166,290.88898,6.5773125
10-12-2024 05:30,1018.515,3.07923,-4.216328,295.48645,6.410177
10-12-2024 06:30,1017.83624,2.7832575,-4.3743105,297.37744,6.1766515
10-12-2024 07:30,1016.9455,2.676519,-4.2331986,298.22418,6.015283
10-12-2024 08:30,1016.21466,2.628945,-4.1294446,297.87805,5.9257817
10-12-2024 09:30,1015.61633,2.5481026,-4.028039,296.2483,5.9012213
10-12-2024 10:30,1015.28455,2.0754957,-3.24643,293.1847,5.8798027
10-12-2024 11:30,1015.2537,1.6187214,-2.4795485,286.82828,5.8219733
10-12-2024 12:30,1015.465,1.8830981,-2.872941,283.42816,5.7458496
10-12-2024 13:30,1015.7458,1.9008434,-2.9617043,282.46744,5.653308
10-12-2024 14:30,1016.06274,1.972074,-2.945563,281.5773,5.5771546
10-12-2024 15:30,1016.3633,2.1182303,-2.8959088,280.80847,5.467068
10-12-2024 16:30,1016.5348,2.3032987,-2.7994356,280.12225,5.327367
10-12-2024 17:30,1016.4984,2.4378636,-2.7099907,279.49707,5.2211394
10-12-2024 18:30,1016.33844,2.5173655,-2.612954,278.89178,5.2013974
10-12-2024 19:30,1016.22107,2.506812,-2.5448081,278.29468,5.239008
10-12-2024 20:30,1016.1353,2.4457211,-2.5217185,277.7254,5.2337637
10-12-2024 21:30,1015.8697,2.3084621,-2.567462,277.17688,5.1099052
10-12-2024 22:30,1015.60126,2.2222853,-2.5668368,276.6281,4.9242954
10-12-2024 23:30,1015.5756,2.3043756,-2.3903918,276.0957,4.75074
11-12-2024 00:30,1016.01556,2.5300868,-2.043198,275.607,4.584622
11-12-2024 01:30,1016.76294,2.8015366,-1.6173054,275.28583,4.4295425
11-12-2024 02:30,1017.59143,2.6607673,-1.1079538,279.41074,4.2668447
11-12-2024 03:30,1018.3924,3.698903,-1.0950516,285.21484,4.130363
11-12-2024 04:30,1018.8317,2.9128346,-0.6337806,290.34723,4.05234
11-12-2024 05:30,1018.6383,2.9172509,-1.8429104,295.36038,4.0302463
11-12-2024 06:30,1017.8322,3.0189657,-2.7927485,298.02536,4.046607
11-12-2024 07:30,1016.6472,2.69634,-2.7321982,299.12747,4.083241
11-12-2024 08:30,1015.5471,2.396009,-2.660442,298.85123,4.112406
11-12-2024 09:30,1014.8236,2.1728837,-2.4928274,296.79767,4.0921087
11-12-2024 10:30,1014.5014,1.4868528,-1.630261,293.23822,4.0264554
11-12-2024 11:30,1014.421,1.4245012,-1.4977828,285.85883,3.9050608
11-12-2024 12:30,1014.4939,1.4084489,-1.5322607,282.1026,3.8136632
11-12-2024 13:30,1014.7566,1.2770418,-1.5497509,280.98087,3.7386441
11-12-2024 14:30,1015.12384,1.2396886,-1.5413384,280.0152,3.6755004
11-12-2024 15:30,1015.47986,1.3838738,-1.5779285,279.17706,3.6545792
11-12-2024 16:30,1015.7785,1.6428434,-1.5934765,278.4384,3.6669362
11-12-2024 17:30,1015.8489,1.7790542,-1.6209518,277.77908,3.670916
11-12-2024 18:30,1015.7128,1.8950477,-1.5489777,277.15536,3.6695628
11-12-2024 19:30,1015.4925,1.9403911,-1.5286056,276.59668,3.6500022
11-12-2024 20:30,1015.2903,1.9755363,-1.4824862,276.11145,3.642871
11-12-2024 21:30,1015.0047,2.0240355,-1.3810285,275.67615,3.7055533
11-12-2024 22:30,1014.5891,1.9907402,-1.3582084,275.30524,3.8458536
11-12-2024 23:30,1014.2429,1.980251,-1.4385933,275.1041,4.0317903
12-12-2024 00:30,1014.36804,2.0367894,-1.4888074,274.89456,4.226129
12-12-2024 01:30,1014.8195,2.115632,-1.4998116,274.6958,4.375109
12-12-2024 02:30,1015.44604,2.080315,-1.3337876,278.27487,4.4964423
12-12-2024 03:30,1016.3153,2.6228569,-1.363308,284.6146,4.6109376
12-12-2024 04:30,1017.1311,2.3854017,-0.8816998,289.18,4.729126
12-12-2024 05:30,1017.48224,2.3760123,-0.9502481,294.07523,4.8733206
12-12-2024 06:30,1017.2422,3.1155965,-1.6392524,297.01907,5.0220695
12-12-2024 07:30,1016.59125,3.3543103,-1.9685873,297.8131,5.110494
12-12-2024 08:30,1015.9359,3.336423,-2.354547,297.33392,5.137407
12-12-2024 09:30,1015.4744,3.1267457,-2.5120678,295.61035,5.1002755
12-12-2024 10:30,1015.27954,1.9218248,-1.7983147,291.9143,5.008849
12-12-2024 11:30,1015.4377,1.9005777,-2.1317205,285.51895,4.9234877
12-12-2024 12:30,1015.93866,2.0901756,-2.5156012,282.62878,4.893119
12-12-2024 13:30,1016.5428,2.1667068,-2.7609699,281.85544,4.8762226
12-12-2024 14:30,1017.04236,2.2224975,-2.9352522,281.2094,4.9046006
12-12-2024 15:30,1017.5065,2.2830548,-3.0836492,280.7273,4.987706
12-12-2024 16:30,1017.843,2.2707987,-3.1931868,280.3656,5.129722
12-12-2024 17:30,1017.9944,2.1796377,-3.280363,280.06088,5.302687
12-12-2024 18:30,1017.9213,2.05981,-3.39639,279.7725,5.4213414
12-12-2024 19:30,1017.5963,1.9496429,-3.5007944,279.42877,5.4817424
12-12-2024 20:30,1017.1918,1.9091643,-3.5500283,279.0652,5.463337
12-12-2024 21:30,1016.8143,1.9216138,-3.4865942,278.5927,5.31321
12-12-2024 22:30,1016.54456,1.9549726,-3.3195522,278.00916,5.054161
12-12-2024 23:30,1016.53394,2.0869606,-3.0171561,277.35284,4.7626185
13-12-2024 00:30,1016.8859,2.3959239,-2.6789908,276.78473,4.553708
13-12-2024 01:30,1017.47015,2.8226583,-2.3528066,276.4514,4.415603
13-12-2024 02:30,1018.1975,4.178697,-2.6897676,279.45126,4.2825994
13-12-2024 03:30,1018.8378,4.6997023,-2.373423,283.79388,4.1351156
13-12-2024 04:30,1019.2268,4.5232725,-1.7192906,289.04425,4.0319815
13-12-2024 05:30,1018.84576,5.3639894,-4.777044,294.10654,3.9616961
13-12-2024 06:30,1017.7589,5.602297,-5.9685993,296.68552,3.8715618
13-12-2024 07:30,1016.5506,5.512386,-5.804272,297.72882,3.8296201
13-12-2024 08:30,1015.52936,5.3121557,-5.5508776,297.66772,3.871999
13-12-2024 09:30,1014.9242,5.0491605,-5.0219846,295.94113,3.9749005
13-12-2024 10:30,1014.6908,3.8045979,-3.3473344,292.79623,4.1285577
13-12-2024 11:30,1014.73584,3.0731592,-2.1118836,286.41254,4.2382865
13-12-2024 12:30,1015.26807,3.6136103,-2.149968,283.84003,4.268912
13-12-2024 13:30,1016.0261,3.717326,-2.1593628,283.02225,4.2825284
13-12-2024 14:30,1016.6741,3.7201285,-2.1970918,282.23123,4.28102
13-12-2024 15:30,1017.0732,3.7416134,-2.276108,281.61118,4.2702208
13-12-2024 16:30,1017.22955,3.8696878,-2.3537717,281.1027,4.242124
13-12-2024 17:30,1017.15295,3.9860983,-2.4081666,280.6189,4.2505507
13-12-2024 18:30,1016.7145,3.9843957,-2.389755,280.02197,4.208331
13-12-2024 19:30,1016.28455,4.0020685,-2.3422759,279.4319,4.1200786
13-12-2024 20:30,1015.9906,4.032386,-2.3935251,278.9222,4.0336466
13-12-2024 21:30,1015.7118,3.8370435,-2.3688078,278.29843,3.9603164
13-12-2024 22:30,1015.53357,3.567204,-2.2267401,277.61707,3.9149532
13-12-2024 23:30,1015.59015,3.4254181,-1.9910856,277.00458,3.9305508
14-12-2024 00:30,1016.08923,3.4215906,-1.7337114,276.52267,4.0075555
14-12-2024 01:30,1016.7621,3.4315999,-1.5231748,276.19928,4.0831504
14-12-2024 02:30,1017.3285,4.03979,-1.5766532,279.87088,4.1343603
14-12-2024 03:30,1017.84125,4.3056517,-1.2975551,284.81198,4.283323
14-12-2024 04:30,1018.3725,3.4092968,-0.5999911,290.22156,4.552349
14-12-2024 05:30,1018.42444,4.1125503,-2.3824701,295.3277,4.9486732
14-12-2024 06:30,1017.84985,4.486407,-3.2452745,297.77454,5.479099
14-12-2024 07:30,1017.0128,4.414708,-3.2135594,298.95474,5.8731756
14-12-2024 08:30,1016.33765,4.298643,-3.3719919,298.8574,5.9629045
14-12-2024 09:30,1015.9302,3.979326,-3.4945493,297.07867,5.7918983
14-12-2024 10:30,1015.63226,2.610911,-2.5355434,293.72977,5.5905924
14-12-2024 11:30,1015.5301,2.1623168,-2.1330802,286.7635,5.4892397
14-12-2024 12:30,1015.77905,2.4735913,-2.2514687,283.28125,5.449744
14-12-2024 13:30,1016.29553,2.669415,-2.1490998,282.31018,5.3477397
14-12-2024 14:30,1016.7534,2.8471913,-2.0578296,281.46783,5.225131
14-12-2024 15:30,1017.08264,2.9552052,-2.0849257,280.74457,5.1866765
14-12-2024 16:30,1017.22736,2.9744864,-2.1597254,280.0826,5.1983347
14-12-2024 17:30,1017.1883,2.9015925,-2.232947,279.4157,5.172823
14-12-2024 18:30,1016.95544,2.7886834,-2.3180966,278.76636,5.105989
14-12-2024 19:30,1016.6728,2.6750488,-2.372182,278.1379,5.0036616
14-12-2024 20:30,1016.45825,2.609426,-2.3477426,277.5332,4.936819
14-12-2024 21:30,1016.2903,2.5972636,-2.1723416,276.938,4.9058895
14-12-2024 22:30,1016.2276,2.6090944,-1.8778423,276.393,4.9164453
14-12-2024 23:30,1016.41046,2.5853763,-1.5646313,275.89822,4.951473
15-12-2024 00:30,1016.9291,2.4374433,-1.264033,275.41888,4.9038224
15-12-2024 01:30,1017.712,2.2063391,-0.96062875,275.0456,4.729288
15-12-2024 02:30,1018.6662,1.9190135,-0.6251564,279.42032,4.4551115
15-12-2024 03:30,1019.7209,2.1388583,-0.6115439,285.3444,4.1730423
15-12-2024 04:30,1020.51874,1.6335256,-0.59642637,290.21024,3.9699903
15-12-2024 05:30,1020.5307,1.1537327,-1.0059751,295.351,3.8507895
15-12-2024 06:30,1019.8873,1.2780149,-1.7055298,298.60464,3.808624
15-12-2024 07:30,1018.9826,1.1035471,-1.8242447,299.64288,3.8365674
15-12-2024 08:30,1018.23016,0.91944635,-1.9478233,299.1822,3.9319654
15-12-2024 09:30,1017.71826,0.74497306,-2.0473504,296.1373,4.0623
15-12-2024 10:30,1017.3766,0.3109913,-1.4805415,292.28003,4.140042
15-12-2024 11:30,1017.1289,-0.085919976,-1.5862169,285.52527,4.094238
15-12-2024 12:30,1017.1986,-0.39420676,-1.4353611,282.29883,4.0785704
15-12-2024 13:30,1017.5107,-0.47552502,-1.0917206,281.19077,4.139881
15-12-2024 14:30,1017.77405,-0.50541115,-0.6726781,280.17834,4.193708
15-12-2024 15:30,1017.80225,-0.54158163,-0.18891063,279.29797,4.2424164
15-12-2024 16:30,1017.6653,-0.4665773,0.16010544,278.54263,4.312707
15-12-2024 17:30,1017.5767,-0.13346535,0.15666792,277.8517,4.3983197
15-12-2024 18:30,1017.39124,0.17341667,-0.16725129,277.24667,4.4169602
15-12-2024 19:30,1017.0965,0.2724405,-0.5338439,276.72043,4.353198
15-12-2024 20:30,1016.8175,0.30716962,-0.69174665,276.20453,4.2619495
15-12-2024 21:30,1016.5167,0.4530216,-0.5126492,275.68698,4.148402
15-12-2024 22:30,1016.271,0.81338024,-0.13595447,275.2352,4.083764
15-12-2024 23:30,1016.265,1.2916703,0.2679205,274.9156,4.0711164
16-12-2024 00:30,1016.6514,1.6757241,0.6778651,274.64294,4.037206
16-12-2024 01:30,1017.2539,1.9064399,1.0031651,274.49905,4.0044518
16-12-2024 02:30,1017.9625,2.0311112,1.0930542,278.5141,4.003128
16-12-2024 03:30,1018.7395,2.3825483,1.1230284,285.7923,4.058613
16-12-2024 04:30,1019.2841,2.011765,0.6307515,290.78235,4.2079043
16-12-2024 05:30,1018.99695,1.263052,-0.24853684,296.26224,4.350048
16-12-2024 06:30,1018.09674,0.85363096,-1.2173686,298.42947,4.4372845
16-12-2024 07:30,1016.95386,0.81676495,-1.7471972,299.1999,4.5029736
16-12-2024 08:30,1015.915,0.8604835,-2.1130178,298.6167,4.566694
16-12-2024 09:30,1015.1016,0.7450243,-2.1395814,296.9784,4.6187344
16-12-2024 10:30,1014.52094,0.19267672,-1.4025891,293.23596,4.598311
16-12-2024 11:30,1014.109,-0.4017657,-1.2711196,285.96637,4.464681
16-12-2024 12:30,1014.0147,-0.85170907,-0.7606557,282.4887,4.2901115
16-12-2024 13:30,1014.10706,-1.0402219,-0.000159904,281.3675,4.2086086
16-12-2024 14:30,1014.25494,-0.91203517,0.8211807,280.46817,4.2360787
16-12-2024 15:30,1014.4955,-0.4400857,1.401576,279.71298,4.31232
16-12-2024 16:30,1014.5951,0.08121699,1.6353197,279.0711,4.442094
16-12-2024 17:30,1014.5492,0.45274734,1.674022,278.49136,4.5753255
16-12-2024 18:30,1014.3845,0.7336496,1.4353797,277.91168,4.712177
16-12-2024 19:30,1014.291,0.82771516,0.95799875,277.3584,4.928931
16-12-2024 20:30,1014.1781,0.7362603,0.5275859,276.8604,5.238098
16-12-2024 21:30,1014.02167,0.5313808,0.4182002,276.43393,5.5808444
16-12-2024 22:30,1013.8465,0.3432669,0.65422016,276.0992,5.913534
16-12-2024 23:30,1013.8734,0.3248924,1.0225186,275.87195,6.226693
17-12-2024 00:30,1014.2505,0.41813982,1.3792443,275.73288,6.504299
17-12-2024 01:30,1014.9178,0.53626245,1.7420058,275.68,6.741042
17-12-2024 02:30,1015.666,0.568477,2.023947,279.09048,6.914957
17-12-2024 03:30,1016.44055,0.6155766,2.265238,285.74417,6.962739
17-12-2024 04:30,1017.03174,0.44577426,2.145127,290.2018,6.9791794
17-12-2024 05:30,1016.89404,-0.013525903,1.8141947,294.84317,7.03963
17-12-2024 06:30,1016.11597,-0.41632533,2.1795726,298.4125,7.078123
17-12-2024 07:30,1015.1385,-0.6090131,1.004678,299.92126,7.1185513
17-12-2024 08:30,1014.44885,-0.6338241,-0.21337217,299.61932,7.020652
17-12-2024 09:30,1014.0725,-0.72830003,-0.7939131,296.6953,6.801859
17-12-2024 10:30,1013.9916,-0.8860943,-0.78017306,292.46896,6.571213
17-12-2024 11:30,1014.115,-1.4558923,-0.9112001,286.43134,6.336391
17-12-2024 12:30,1014.4356,-1.9137034,-0.90854937,283.79144,6.099314
17-12-2024 13:30,1014.7961,-2.1814008,-0.7859083,282.8765,5.8694224
17-12-2024 14:30,1015.1181,-2.2272127,-0.5932774,281.98642,5.7050915
17-12-2024 15:30,1015.41876,-2.038074,-0.40567827,281.14288,5.5841317
17-12-2024 16:30,1015.7443,-1.4820266,-0.2900548,280.34464,5.5745635
17-12-2024 17:30,1016.0097,-0.72056526,-0.36721683,279.5829,5.636753
17-12-2024 18:30,1015.90234,-0.13242483,-0.827456,278.9798,5.6199555
17-12-2024 19:30,1015.7843,0.2749315,-1.2244692,278.4861,5.546724
17-12-2024 20:30,1015.6181,0.4984284,-1.5452185,278.0129,5.4336853
17-12-2024 21:30,1015.2165,0.3769236,-1.8935863,277.58032,5.282227
17-12-2024 22:30,1014.8999,0.21144027,-2.0543156,277.08322,5.1550226
17-12-2024 23:30,1014.82904,0.14704156,-1.945841,276.5419,5.0259314
18-12-2024 00:30,1015.10693,0.19391757,-1.6854341,276.01337,4.919031
18-12-2024 01:30,1015.6683,0.5184381,-1.2855947,275.6016,4.8590555
18-12-2024 02:30,1016.4919,1.1752226,-0.9528794,278.72263,4.9047513
18-12-2024 03:30,1017.2519,1.6398195,-0.8701595,283.7517,4.9919252
18-12-2024 04:30,1017.41406,1.3690618,-0.6942723,287.86624,5.0305634
18-12-2024 05:30,1016.83716,0.88093567,-0.42842638,292.19922,5.0948358
18-12-2024 06:30,1015.73346,0.6447722,-0.41573644,296.1717,5.1826363
18-12-2024 07:30,1014.51984,0.53255403,-0.48096824,297.96237,5.2878995
18-12-2024 08:30,1013.61096,0.64594007,-0.39346886,297.4878,5.385235
18-12-2024 09:30,1013.0957,0.7593076,-0.3194033,294.66144,5.469338
18-12-2024 10:30,1012.8567,0.5725372,-0.41244888,290.1049,5.505373
18-12-2024 11:30,1012.6967,0.16027182,-0.7993002,284.99023,5.5055246
18-12-2024 12:30,1013.15356,-0.18494207,-1.0182221,282.707,5.55056
18-12-2024 13:30,1013.683,-0.5856412,-1.1249236,281.91342,5.598347
18-12-2024 14:30,1013.9595,-0.87285095,-1.0734458,281.1717,5.6493983
18-12-2024 15:30,1014.1562,-0.9521305,-0.860417,280.4744,5.7226553
18-12-2024 16:30,1014.3144,-0.88387513,-0.4862996,279.7975,5.8308415
18-12-2024 17:30,1014.28705,-0.7096547,0.06131205,279.18915,5.95335
18-12-2024 18:30,1014.02856,-0.5710126,0.6247936,278.68423,6.0527983
18-12-2024 19:30,1013.76685,-0.5193983,1.0591912,278.25043,6.12594
18-12-2024 20:30,1013.66235,-0.51065147,1.405567,277.85718,6.224008
18-12-2024 21:30,1013.6291,-0.5585635,1.585059,277.50537,6.3808813
18-12-2024 22:30,1013.65204,-0.69523096,1.6807104,277.2113,6.5724325
18-12-2024 23:30,1013.9846,-0.85986286,1.8198829,276.9701,6.7566442
19-12-2024 00:30,1014.6389,-1.1091671,1.952888,276.78894,6.9197803
19-12-2024 01:30,1015.51404,-1.3484732,2.0674803,276.69525,7.087999
19-12-2024 02:30,1016.3784,-1.4210737,2.0681326,278.91125,7.2949643
19-12-2024 03:30,1017.14514,-1.6471648,2.2761827,283.87097,7.543262
19-12-2024 04:30,1017.6981,-1.9993775,2.2777607,287.59128,7.905153
19-12-2024 05:30,1017.47955,-2.109152,1.8227178,291.46832,8.364778
19-12-2024 06:30,1016.5472,-3.0964484,2.74751,295.11124,8.853675
19-12-2024 07:30,1015.3663,-3.2216778,2.3927457,296.4093,9.358068
19-12-2024 08:30,1014.3725,-3.0797527,1.9600928,296.13104,9.858296
19-12-2024 09:30,1013.6783,-2.8082652,1.6405481,294.71814,10.264577
19-12-2024 10:30,1013.2554,-1.8243712,0.9460827,291.1081,10.541666
19-12-2024 11:30,1013.188,-2.1576962,1.0750786,285.957,10.752667
19-12-2024 12:30,1013.67944,-2.2446206,1.2433546,283.77847,10.959413
19-12-2024 13:30,1014.4066,-2.22258,1.3700392,283.12488,11.193498
19-12-2024 14:30,1014.928,-2.2273607,1.4395053,282.57016,11.435412
19-12-2024 15:30,1015.117,-2.2493982,1.4736934,282.09302,11.786882
19-12-2024 16:30,1015.1242,-2.2608905,1.3800983,281.67914,12.243747
19-12-2024 17:30,1014.90857,-2.3004549,1.1068468,281.2913,12.66535
19-12-2024 18:30,1014.6395,-2.279879,0.6607164,280.8955,13.059574
19-12-2024 19:30,1014.46155,-2.223707,0.11195314,280.52905,13.438247
19-12-2024 20:30,1014.2981,-2.1693625,-0.5294074,280.20438,13.703718
19-12-2024 21:30,1014.29175,-2.0942874,-1.1007686,279.88794,13.891115
19-12-2024 22:30,1014.22174,-2.108026,-1.4162707,279.5742,13.922227
19-12-2024 23:30,1014.3212,-2.156651,-1.3830947,279.23267,13.871035
20-12-2024 00:30,1014.9333,-2.1862786,-1.0128063,278.86707,13.780407
20-12-2024 01:30,1015.77954,-2.1326647,-0.4930275,278.5804,13.625021
20-12-2024 02:30,1016.6238,-1.8197651,0.08982734,280.93405,13.445958
20-12-2024 03:30,1017.4373,-1.7047868,0.7469343,285.3439,13.377523
20-12-2024 04:30,1017.96533,-1.0324636,0.9588278,289.3062,13.395931
20-12-2024 05:30,1017.59796,-0.920567,0.90248966,293.59247,13.445995
20-12-2024 06:30,1016.4302,-1.4962442,0.71796,297.15845,13.523445
20-12-2024 07:30,1015.0011,-1.3268703,0.19388656,298.4917,13.558067
20-12-2024 08:30,1013.8644,-1.081006,-0.25741377,298.21674,13.514878
20-12-2024 09:30,1013.1658,-0.7728166,-0.68414414,296.01114,13.358727
20-12-2024 10:30,1012.81647,-0.23815554,-0.8428556,292.66418,13.070217
20-12-2024 11:30,1012.78906,0.26850474,-1.2300177,287.30872,12.707108
20-12-2024 12:30,1013.1878,0.6651192,-1.6468787,284.89075,12.297466
20-12-2024 13:30,1013.78625,0.95482063,-2.055957,284.1665,11.868754
20-12-2024 14:30,1014.27545,1.1130017,-2.4324281,283.5573,11.451471
20-12-2024 15:30,1014.54346,1.1441225,-2.7176075,282.99982,11.147402
20-12-2024 16:30,1014.6473,1.0684882,-2.9069617,282.4939,10.927274
20-12-2024 17:30,1014.67755,0.9465263,-3.0194454,281.97913,10.763714
20-12-2024 18:30,1014.6213,0.86404324,-3.0678766,281.47888,10.696768
20-12-2024 19:30,1014.5952,0.75605273,-3.0702214,280.9978,10.64364
20-12-2024 20:30,1014.50366,0.5890722,-3.0587134,280.53906,10.542573
20-12-2024 21:30,1014.3519,0.35891676,-2.9997718,280.06662,10.371166
20-12-2024 22:30,1014.11914,0.09351945,-2.8924227,279.54578,10.1309805
20-12-2024 23:30,1013.9432,-0.12874699,-2.7676768,279.0506,9.884319
21-12-2024 00:30,1014.23596,-0.298764,-2.5656352,278.5741,9.689419
21-12-2024 01:30,1014.96045,-0.36278105,-2.2348685,278.17514,9.580775
21-12-2024 02:30,1015.84534,-0.25111485,-1.673814,280.89307,9.546489
21-12-2024 03:30,1016.8335,0.16636944,-1.5768197,285.70987,9.613035
21-12-2024 04:30,1017.5396,0.7401757,-1.0747674,290.01733,9.765441
21-12-2024 05:30,1017.2722,1.1028459,-0.9319308,294.69882,9.975565
21-12-2024 06:30,1016.3628,1.6077399,-0.7406138,299.00763,10.240092
21-12-2024 07:30,1015.3325,2.1377003,-0.64331603,299.83264,10.381452
21-12-2024 08:30,1014.59204,2.2983854,-0.78790116,299.31454,10.298824
21-12-2024 09:30,1014.1476,2.158333,-1.0482836,297.41013,10.013876
21-12-2024 10:30,1013.84534,1.1994104,-1.0219797,293.9334,9.642802
21-12-2024 11:30,1013.7355,0.6001098,-1.7305331,287.78677,9.292129
21-12-2024 12:30,1014.09906,-0.09152818,-2.27492,284.94824,9.055543
21-12-2024 13:30,1014.83563,-0.74870753,-2.5367484,284.10388,8.981289
21-12-2024 14:30,1015.4453,-1.2961931,-2.5515442,283.34952,9.001944
21-12-2024 15:30,1015.8578,-1.6114635,-2.410942,282.6095,9.124708
21-12-2024 16:30,1016.058,-1.7328072,-2.1679032,281.89264,9.307315
21-12-2024 17:30,1016.07513,-1.7180657,-1.8168008,281.15982,9.490732
21-12-2024 18:30,1015.9547,-1.567113,-1.3870689,280.52344,9.663065
21-12-2024 19:30,1015.61206,-1.4359683,-0.8655521,280.5454,9.818728
21-12-2024 20:30,1015.16156,-1.3526225,-0.33960214,281.61334,9.993018
21-12-2024 21:30,1014.68585,-1.3099988,0.06106168,281.86627,10.192373
21-12-2024 22:30,1014.33,-1.1740651,0.2862918,281.74963,10.259602
21-12-2024 23:30,1014.155,-1.0028726,0.4770195,281.57703,10.201804
22-12-2024 00:30,1014.3764,-0.81770265,0.7956245,281.4446,10.151629
22-12-2024 01:30,1015.0443,-0.46887255,1.1961514,280.84485,9.980436
22-12-2024 02:30,1015.7431,-0.18977082,1.5195231,282.26584,9.829465
22-12-2024 03:30,1016.49866,-0.22861385,2.205724,287.73444,9.79737
22-12-2024 04:30,1017.20734,-0.63764143,2.0014093,292.10944,9.887535
22-12-2024 05:30,1017.1043,-0.6156148,3.1710572,296.6144,9.988646
22-12-2024 06:30,1016.2622,-0.4006424,2.9780395,299.3069,10.099446
22-12-2024 07:30,1015.2482,-0.6892271,2.4535031,300.32733,10.17415
22-12-2024 08:30,1014.42163,-1.0730557,2.1200054,299.84903,10.192593
22-12-2024 09:30,1013.76013,-1.4150193,1.9602224,297.57605,10.139888
22-12-2024 10:30,1013.31836,-1.3283143,1.2919415,293.99664,10.044106
22-12-2024 11:30,1013.19763,-2.0894492,1.5220635,288.41962,9.933667
22-12-2024 12:30,1013.4984,-2.4632435,1.9324932,286.00623,9.836612
22-12-2024 13:30,1014.009,-2.4522378,2.2914925,285.2897,9.767596
22-12-2024 14:30,1014.4347,-2.3089528,2.610229,284.62653,9.734459
22-12-2024 15:30,1014.6678,-2.1253543,2.858563,284.03055,9.708208
22-12-2024 16:30,1014.7239,-1.9424531,3.0219312,283.52258,9.748435
22-12-2024 17:30,1014.5821,-1.7605631,3.1057734,283.0238,9.915142
22-12-2024 18:30,1014.2367,-1.5768627,3.1501305,282.54193,10.346343
22-12-2024 19:30,1013.8586,-1.3779777,3.1827724,282.08334,11.19219
22-12-2024 20:30,1013.51526,-1.0950514,3.2001922,281.65262,12.437727
22-12-2024 21:30,1013.2157,-0.8608787,3.3185167,281.50955,13.844058
22-12-2024 22:30,1013.01654,-0.5627896,3.2748168,281.36066,15.047452
22-12-2024 23:30,1013.1406,-0.17763406,3.1358166,281.13995,15.977543
23-12-2024 00:30,1013.77905,0.1563189,2.8444917,280.79388,16.750132
23-12-2024 01:30,1014.7235,0.6399529,2.2381995,281.367,17.43767
23-12-2024 02:30,1015.872,1.093936,1.3202989,283.5453,18.220814
23-12-2024 03:30,1017.11487,1.0442907,0.2721113,285.37454,19.34713
23-12-2024 04:30,1018.1078,-0.1403743,-0.8444246,287.4945,20.855503
23-12-2024 05:30,1018.0814,-1.554235,-1.3714359,288.75595,22.059336
23-12-2024 06:30,1017.1205,-3.0532637,-2.1162825,289.34888,22.326548
23-12-2024 07:30,1015.6337,-4.261062,-2.8132803,289.99936,21.053507
23-12-2024 08:30,1014.53595,-4.647378,-2.8680995,291.12497,19.77068
23-12-2024 09:30,1014.1772,-4.154467,-2.2552657,291.15527,19.372171
23-12-2024 10:30,1014.2536,-2.842054,-1.592711,289.5646,19.278042
23-12-2024 11:30,1014.33704,-2.3903987,-1.5129663,286.75833,19.178009
23-12-2024 12:30,1014.6266,-2.7256727,-1.5118202,285.3186,19.275263
23-12-2024 13:30,1015.2542,-2.9350543,-1.1390581,285.28955,19.5271
23-12-2024 14:30,1015.74005,-3.064166,-0.76503307,285.30032,19.558784
23-12-2024 15:30,1015.9572,-2.97638,-0.40691197,285.11884,19.582823
23-12-2024 16:30,1015.96704,-2.7036173,-0.21035403,284.8752,19.781536
23-12-2024 17:30,1015.90717,-2.445678,-0.15904075,284.63474,20.123634
23-12-2024 18:30,1015.6653,-2.2075226,-0.2720014,284.39905,20.405981
23-12-2024 19:30,1015.3639,-1.9832201,-0.35776317,284.21933,20.549122
23-12-2024 20:30,1015.1172,-1.8011906,-0.51437306,284.09402,20.60624
23-12-2024 21:30,1014.9356,-1.6603644,-0.69578826,284.07642,20.604176
23-12-2024 22:30,1014.6992,-1.6104046,-0.74747944,284.02756,20.50959
23-12-2024 23:30,1014.6436,-1.6520662,-0.57108665,283.97974,20.322973
24-12-2024 00:30,1014.9707,-1.7537196,-0.23162918,283.38474,20.105146
24-12-2024 01:30,1015.5797,-1.7922342,0.18217677,282.92603,19.871172
24-12-2024 02:30,1016.2455,-1.5273641,0.5023586,284.56577,19.630604
24-12-2024 03:30,1016.96045,-1.9788742,1.0247557,286.99347,19.44355
24-12-2024 04:30,1017.6294,-1.9597806,1.3228356,290.6892,19.47972
24-12-2024 05:30,1017.5429,-2.1821198,1.4988115,294.57257,19.67174
24-12-2024 06:30,1016.80023,-2.1220038,1.0007801,297.05194,19.980736
24-12-2024 07:30,1015.7875,-2.0398006,0.43132442,297.93417,20.377333
24-12-2024 08:30,1015.0464,-2.0570002,0.02585119,297.34537,20.878994
24-12-2024 09:30,1014.7438,-2.073752,-0.28349286,295.54163,21.482048
24-12-2024 10:30,1014.7609,-1.6685035,-0.4073314,293.256,22.007221
24-12-2024 11:30,1015.03467,-1.3923221,-0.45210207,290.0091,22.197351
24-12-2024 12:30,1015.65125,-1.4901514,-0.5737015,288.29062,22.113546
24-12-2024 13:30,1016.54584,-1.4434905,-0.5959152,287.77478,21.886538
24-12-2024 14:30,1017.3069,-1.3605028,-0.5528798,287.08508,21.53406
24-12-2024 15:30,1017.84106,-1.1947935,-0.5112685,286.30762,21.134098
24-12-2024 16:30,1018.1186,-0.9481704,-0.5637202,285.7228,20.749405
24-12-2024 17:30,1018.1411,-0.6996637,-0.74890864,285.60034,20.326733
24-12-2024 18:30,1017.9515,-0.48253876,-1.1233275,285.1398,19.827791
24-12-2024 19:30,1017.71436,-0.3619256,-1.6159228,284.68393,19.275867
24-12-2024 20:30,1017.461,-0.2866521,-2.0538387,283.96265,18.6692
24-12-2024 21:30,1017.182,-0.23858726,-2.347453,283.23672,18.089865
24-12-2024 22:30,1016.90375,-0.22031325,-2.494463,282.49283,17.565622
24-12-2024 23:30,1016.7925,-0.1589303,-2.5145712,281.98804,17.08172
25-12-2024 00:30,1017.1129,-0.049949527,-2.4915972,281.53497,16.713388
25-12-2024 01:30,1017.835,0.038446665,-2.4571786,281.17285,16.463728
25-12-2024 02:30,1018.65845,0.1388861,-2.5396183,283.41583,16.351887
25-12-2024 03:30,1019.4853,0.31177175,-2.7281485,286.63876,16.405262
25-12-2024 04:30,1020.15845,0.4939673,-1.8686318,291.00995,16.57613
25-12-2024 05:30,1020.07306,0.20610869,-2.1309104,296.03595,16.764465
25-12-2024 06:30,1019.26154,0.10405624,-1.8321943,298.79352,16.937239
25-12-2024 07:30,1018.2436,0.19716644,-1.37684,299.8693,17.02338
25-12-2024 08:30,1017.35297,0.33167183,-1.0808831,299.51733,16.977474
25-12-2024 09:30,1016.8425,0.508734,-1.1513338,297.58646,16.721691
25-12-2024 10:30,1016.70233,0.5964566,-1.2565256,294.58707,16.279364
25-12-2024 11:30,1016.87885,0.81211954,-1.4634136,289.43732,15.762952
25-12-2024 12:30,1017.4111,1.1285932,-2.0311456,286.8565,15.23871
25-12-2024 13:30,1018.10657,1.2354378,-2.476854,286.14624,14.7305155
25-12-2024 14:30,1018.73883,1.1970081,-2.7956595,285.49725,14.256091
25-12-2024 15:30,1019.29626,1.0481226,-2.921998,284.7904,13.850092
25-12-2024 16:30,1019.7103,0.8571225,-2.9118981,284.03085,13.513014
25-12-2024 17:30,1019.8176,0.6586972,-2.873244,283.30002,13.247629
25-12-2024 18:30,1019.69775,0.49563044,-2.799459,282.62054,13.087152
25-12-2024 19:30,1019.6791,0.41677022,-2.6730328,281.99976,13.082741
25-12-2024 20:30,1019.77576,0.36982882,-2.5152037,281.44556,13.200322
25-12-2024 21:30,1019.72766,0.29836488,-2.3793912,280.96518,13.256319
25-12-2024 22:30,1019.58405,0.19281733,-2.2694795,280.52484,12.995305
25-12-2024 23:30,1019.71625,0.107542396,-2.1463194,280.1129,12.659472
26-12-2024 00:30,1020.2905,0.03860736,-2.0343199,279.73892,12.510225
26-12-2024 01:30,1021.0217,-0.08079386,-1.9599298,279.48233,12.413284
26-12-2024 02:30,1021.757,-0.25048542,-1.7133137,282.75046,12.325477
26-12-2024 03:30,1022.5594,-0.48582324,-2.0955536,287.39874,12.25702
26-12-2024 04:30,1023.0909,-0.46694696,-1.6014596,292.08405,12.21507
26-12-2024 05:30,1022.7753,-1.0460769,-0.55766046,297.65097,12.246182
26-12-2024 06:30,1021.7491,-1.039361,0.32942635,300.2738,12.343334
26-12-2024 07:30,1020.4936,-0.82549995,0.4673707,301.17,12.655689
26-12-2024 08:30,1019.42303,-0.4600884,0.366552,300.7827,13.249279
26-12-2024 09:30,1018.762,-0.29601136,0.11598998,298.7622,14.091328
26-12-2024 10:30,1018.4603,-0.4832127,-0.2689981,295.23575,15.026322
26-12-2024 11:30,1018.42804,-0.8923116,-0.7448255,289.61276,15.937141
26-12-2024 12:30,1018.78107,-1.3349879,-1.0795673,286.9834,16.89338
26-12-2024 13:30,1019.32623,-1.622911,-1.142227,286.9831,17.775639
26-12-2024 14:30,1019.6911,-1.8350362,-1.0546203,286.90244,18.47437
26-12-2024 15:30,1019.86237,-1.9316792,-0.8933428,286.69138,19.199463
26-12-2024 16:30,1019.8162,-2.0085886,-0.7036145,287.24155,20.081009
26-12-2024 17:30,1019.47266,-2.204041,-0.6091571,287.068,20.90442
26-12-2024 18:30,1018.84454,-2.4475453,-0.58187884,286.80426,21.69152
26-12-2024 19:30,1018.14514,-2.683686,-0.4824414,286.53403,22.884815
26-12-2024 20:30,1017.633,-2.6513638,-0.21608053,286.60284,25.033836
26-12-2024 21:30,1017.5863,-1.9916761,0.2602369,286.98053,28.087376
26-12-2024 22:30,1018.03296,-0.09681696,0.30355924,287.05737,30.841522
26-12-2024 23:30,1018.5666,1.5583763,-0.9544006,286.47818,32.733036
27-12-2024 00:30,1019.0183,1.5525867,-2.5099316,285.92682,33.467655
27-12-2024 01:30,1019.295,0.075959235,-3.112406,285.8817,32.924114
27-12-2024 02:30,1019.5386,-1.4939044,-3.005641,286.26978,30.837608
27-12-2024 03:30,1019.6177,-3.033139,-2.6010458,287.62332,28.023243
27-12-2024 04:30,1019.6703,-4.136181,-1.200684,290.54013,26.701565
27-12-2024 05:30,1019.33203,-4.8896494,0.16162848,293.662,26.969742
27-12-2024 06:30,1018.4192,-4.7797813,1.2144111,295.97717,27.227718
27-12-2024 07:30,1017.4446,-3.6699767,2.6682742,297.38586,28.19401
27-12-2024 08:30,1016.83624,-1.7646003,3.819521,296.62918,30.493694
27-12-2024 09:30,1016.39136,-0.59744084,2.5671558,294.32236,31.769339
27-12-2024 10:30,1015.15936,-1.2520118,0.36386204,293.3393,30.475172
27-12-2024 11:30,1015.0597,-1.5601484,-0.59913707,290.75406,32.996414
27-12-2024 12:30,1016.19727,-1.196198,-1.5756764,289.74576,35.552467
27-12-2024 13:30,1016.9293,-1.6487497,-3.0738413,288.9323,36.035744
27-12-2024 14:30,1017.7629,-1.7701671,-4.070508,288.3672,35.65179
27-12-2024 15:30,1018.3669,-1.2587104,-3.7223315,287.98233,35.1133
27-12-2024 16:30,1018.6653,-1.4610949,-3.1959667,287.7201,32.641186
27-12-2024 17:30,1018.2417,-2.1832492,-2.8167603,287.11832,29.146124
27-12-2024 18:30,1017.7174,-2.1765752,-1.9074334,286.18195,27.909323
27-12-2024 19:30,1017.5441,-2.0154784,-1.1059824,286.36438,27.428555
27-12-2024 20:30,1017.2908,-2.022919,-1.046494,286.4969,26.579796
27-12-2024 21:30,1016.80237,-2.1861882,-0.8637582,286.29382,25.792377
27-12-2024 22:30,1016.3933,-2.145933,-0.44788903,286.09845,25.268164
27-12-2024 23:30,1016.4422,-1.8941188,-0.009379864,285.73416,24.785248
28-12-2024 00:30,1017.0055,-1.7116213,0.3374576,285.14383,24.102167
28-12-2024 01:30,1017.6742,-1.4480524,0.5134684,284.97653,23.480373
28-12-2024 02:30,1018.3066,-1.038595,0.49544346,286.7271,22.815248
28-12-2024 03:30,1018.91296,-0.5128529,0.3118646,289.62463,21.881996
28-12-2024 04:30,1019.46875,0.5421287,-0.32535768,292.88544,21.02029
28-12-2024 05:30,1019.34064,1.3740708,-0.9423433,295.06815,20.35226
28-12-2024 06:30,1018.51154,1.7294791,-1.3619876,295.98663,19.575472
28-12-2024 07:30,1017.4716,1.8740156,-1.5117795,296.97656,18.706652
28-12-2024 08:30,1016.64294,2.022946,-1.5836017,296.74146,17.885206
28-12-2024 09:30,1016.2648,2.0340095,-1.7985924,295.1741,17.278381
28-12-2024 10:30,1016.36115,1.7766013,-2.3483875,292.81177,16.871881
28-12-2024 11:30,1016.9094,1.0386183,-2.117081,290.53024,16.615644
28-12-2024 12:30,1017.8318,0.79310906,-2.3287625,289.2458,16.280113
28-12-2024 13:30,1018.9048,0.7265587,-2.6437528,288.34824,15.759219
28-12-2024 14:30,1019.7294,0.74991083,-2.9052563,287.8189,15.077558
28-12-2024 15:30,1020.1983,0.83612096,-2.81011,286.9555,14.265143
28-12-2024 16:30,1020.3329,0.89432573,-2.5619936,285.92923,13.415691
28-12-2024 17:30,1020.12103,0.9351257,-2.4277477,284.15604,12.566723
28-12-2024 18:30,1019.6694,0.9927124,-2.4219394,283.40955,11.862901
28-12-2024 19:30,1019.2533,1.0238581,-2.4649704,282.82205,11.417069
28-12-2024 20:30,1018.97034,1.0726466,-2.5350642,282.35822,11.219678
28-12-2024 21:30,1018.8237,1.1754413,-2.6020234,282.0056,11.19957
28-12-2024 22:30,1018.769,1.350512,-2.6203585,281.72864,11.181576
28-12-2024 23:30,1018.87573,1.5786365,-2.5723782,281.50116,11.041079
29-12-2024 00:30,1019.2912,1.832063,-2.4905884,281.2779,10.850699
29-12-2024 01:30,1019.97034,2.0781472,-2.424373,281.16412,10.654211
29-12-2024 02:30,1020.6445,2.9017494,-3.0308514,283.48605,10.483521
29-12-2024 03:30,1021.1756,2.8886285,-2.673403,286.77127,10.391254
29-12-2024 04:30,1021.48706,2.5724611,-3.0475702,291.2495,10.34559
29-12-2024 05:30,1021.0899,2.1704648,-4.0759873,295.1343,10.347282
29-12-2024 06:30,1020.1401,2.1168237,-4.038466,297.0488,10.435385
29-12-2024 07:30,1019.0494,2.2853327,-4.12311,297.77487,10.594253
29-12-2024 08:30,1018.1716,2.5147862,-4.3120995,297.4305,10.826666
29-12-2024 09:30,1017.84467,2.647665,-4.206629,295.9216,11.079227
29-12-2024 10:30,1017.9816,2.655267,-3.584752,293.43277,11.235788
29-12-2024 11:30,1018.29706,2.0184903,-2.004104,288.63068,11.201695
29-12-2024 12:30,1018.7347,2.507906,-1.9815068,285.73822,10.903898
29-12-2024 13:30,1019.29156,2.6286318,-1.9254975,284.90326,10.409504
29-12-2024 14:30,1019.7894,2.6549308,-1.9236631,284.057,9.866799
29-12-2024 15:30,1020.0073,2.6802893,-1.9839711,283.30618,9.395426
29-12-2024 16:30,1019.98126,2.7353046,-2.0897605,282.71994,9.071945
29-12-2024 17:30,1019.8823,2.8021965,-2.267811,282.2337,8.844008
29-12-2024 18:30,1019.5889,2.8666825,-2.5626278,281.79227,8.652541
29-12-2024 19:30,1019.26904,2.8166873,-2.917643,281.29694,8.487828
29-12-2024 20:30,1018.90186,2.4823802,-3.1636822,280.67307,8.293999
29-12-2024 21:30,1018.42346,2.0016367,-3.0662975,279.8964,8.108377
29-12-2024 22:30,1017.90076,1.6382943,-2.7594645,279.10162,7.972052
29-12-2024 23:30,1017.5645,1.6324306,-2.433039,278.41385,7.886331
30-12-2024 00:30,1017.6545,1.9080178,-2.0668452,277.85144,7.8009496
30-12-2024 01:30,1018.1178,2.2832608,-1.6853772,277.51843,7.799675
30-12-2024 02:30,1018.74365,3.294357,-1.6302996,280.6963,7.9011636
30-12-2024 03:30,1019.5389,3.8635488,-1.2028437,284.9183,7.8645215
30-12-2024 04:30,1020.21216,3.5880585,-1.0553436,289.7281,7.7111306
30-12-2024 05:30,1020.1128,3.8256478,-2.7715223,293.49622,7.563078
30-12-2024 06:30,1019.34827,3.525127,-2.7617373,295.58435,7.479448
30-12-2024 07:30,1018.326,3.2589486,-2.6383817,296.54767,7.412265
30-12-2024 08:30,1017.3522,2.9942412,-2.4898133,296.37894,7.3655953
30-12-2024 09:30,1016.9563,2.8840826,-2.410664,294.9196,7.388354
30-12-2024 10:30,1017.0769,2.5404062,-2.0999615,292.07495,7.524481
30-12-2024 11:30,1017.4378,1.8465426,-1.4116719,286.30945,7.718222
30-12-2024 12:30,1017.9735,2.1173592,-1.4201201,282.87213,7.913639
30-12-2024 13:30,1018.64233,2.074887,-1.3929006,281.93427,8.164896
30-12-2024 14:30,1019.37134,2.0233123,-1.523224,281.13565,8.43523
30-12-2024 15:30,1019.8653,2.0479493,-1.6680504,280.46487,8.598107
30-12-2024 16:30,1019.7361,1.9484228,-1.5273613,279.7599,8.566792
30-12-2024 17:30,1019.4947,1.9000623,-1.4197888,279.1142,8.472731
30-12-2024 18:30,1019.1093,1.8749263,-1.3938909,278.5213,8.269918
30-12-2024 19:30,1018.9425,1.9290041,-1.4753822,277.9835,7.978864
30-12-2024 20:30,1018.7308,1.7833383,-1.6185683,277.4337,7.66866
30-12-2024 21:30,1018.68475,1.5378444,-1.7926966,276.91312,7.512132
30-12-2024 22:30,1018.6383,1.1485848,-1.7973747,276.37943,7.534051
30-12-2024 23:30,1018.73627,0.7947872,-1.6004292,275.85342,7.571186
31-12-2024 00:30,1019.1548,0.58652514,-1.2623458,275.36752,7.5632744
31-12-2024 01:30,1020.28046,0.9476844,-1.1207258,275.10437,7.602379
31-12-2024 02:30,1021.0918,0.9897595,-0.6528948,279.36646,7.6688194
31-12-2024 03:30,1021.516,0.95418185,-0.01859337,285.0883,7.6611576
31-12-2024 04:30,1022.0542,0.8977682,0.36041284,290.01694,7.6965675
31-12-2024 05:30,1021.9306,0.870554,-0.17470145,294.65906,7.8991795
31-12-2024 06:30,1021.0011,0.73274773,-0.54668474,296.88394,8.188538
31-12-2024 07:30,1019.39984,0.43351167,-0.37649453,297.93777,8.284299
31-12-2024 08:30,1018.5054,0.81053996,-0.63020504,297.32028,8.269825
31-12-2024 09:30,1017.8046,1.0379966,-0.5690856,295.4106,8.270641
31-12-2024 10:30,1017.65045,1.3451167,-0.75348824,291.94193,8.385427
31-12-2024 11:30,1017.9564,1.2674634,-1.0302879,286.7406,8.80619
31-12-2024 12:30,1018.64624,1.3872347,-1.4731729,284.34174,9.501099
31-12-2024 13:30,1019.6473,1.4314375,-1.7287936,283.58096,10.0992775
31-12-2024 14:30,1020.06696,1.3233597,-1.7688386,282.09216,10.353444
31-12-2024 15:30,1020.1802,1.3935177,-1.7577665,281.2928,10.601479
31-12-2024 16:30,1019.9183,1.5347604,-1.7114282,281.25464,10.836691
31-12-2024 17:30,1019.6147,1.8244542,-1.8844337,279.81897,10.835989
31-12-2024 18:30,1019.0031,1.9060677,-2.1725435,278.95206,10.72441
31-12-2024 19:30,1018.3672,1.8459427,-2.4494123,278.51712,10.596526
31-12-2024 20:30,1018.0588,1.8710866,-2.6279244,278.15997,10.533178
31-12-2024 21:30,1017.6866,1.8745009,-2.5659823,277.6977,10.561401
31-12-2024 22:30,1017.25055,1.9393543,-2.3292644,277.18472,10.573623
31-12-2024 23:30,1017.1636,2.1975203,-1.9816374,276.75784,10.659478
01-01-2025 00:30,1017.42017,2.453419,-1.6148944,276.41364,10.88248
01-01-2025 01:30,1017.8298,2.6530557,-1.3011314,276.2418,10.978667
01-01-2025 02:30,1018.1097,2.6215158,-0.86970186,280.16248,10.994835
01-01-2025 03:30,1018.6514,3.3566651,-0.8338969,285.1373,10.874806
01-01-2025 04:30,1019.2659,2.6841516,-0.60000783,290.16962,10.667053
01-01-2025 05:30,1018.95764,2.7964482,-1.7955377,294.9828,10.63945
01-01-2025 06:30,1018.2681,3.185667,-2.2033045,297.20544,10.76428
01-01-2025 07:30,1017.22906,3.4658935,-2.441701,298.1731,10.931923
01-01-2025 08:30,1016.21466,3.3833497,-2.6900237,298.0727,11.0606
01-01-2025 09:30,1015.71686,3.3004375,-2.7627707,296.16266,11.365228
01-01-2025 10:30,1015.6994,2.5684652,-2.1682813,293.07745,11.818278
01-01-2025 11:30,1016.1217,2.1674151,-1.7009398,287.1604,12.255138
01-01-2025 12:30,1016.8167,2.3745954,-2.048827,284.10507,12.637915
01-01-2025 13:30,1017.5493,2.1391993,-2.1888103,283.23553,12.900843
01-01-2025 14:30,1017.77045,1.8676705,-2.1955936,282.40225,12.984315
01-01-2025 15:30,1017.656,1.8762351,-2.126321,281.72565,12.990173
01-01-2025 16:30,1017.53235,2.1652985,-2.007999,281.1958,13.085117
01-01-2025 17:30,1017.4045,2.4750614,-1.8978791,280.77185,13.222918
01-01-2025 18:30,1016.98486,2.6409564,-1.8521976,280.40512,13.273216
01-01-2025 19:30,1016.5481,2.6750593,-1.8978915,280.19736,13.194965
01-01-2025 20:30,1016.34595,2.6729255,-1.7664375,280.7902,13.271496
01-01-2025 21:30,1016.1011,2.6439345,-1.684535,280.75287,13.466382
01-01-2025 22:30,1015.8156,2.616528,-1.5757043,280.6791,13.649476
01-01-2025 23:30,1015.7551,2.6081123,-1.4295852,280.66235,13.846327
02-01-2025 00:30,1016.0769,2.6704335,-1.224606,280.56244,14.015608
02-01-2025 01:30,1016.6867,2.8390255,-0.99717075,280.55786,14.11382
02-01-2025 02:30,1017.47577,3.3291087,-0.9464069,282.99072,14.10526
02-01-2025 03:30,1018.3033,4.363649,-1.1832798,286.95517,13.959231
02-01-2025 04:30,1018.8558,3.488927,-0.8171787,290.95056,13.634272
02-01-2025 05:30,1018.88055,4.2021756,-2.1230202,294.34677,13.158672
02-01-2025 06:30,1018.2606,4.1624527,-2.508485,296.39944,12.783782
02-01-2025 07:30,1017.02515,3.6693149,-2.5849576,297.2473,12.596359
02-01-2025 08:30,1016.20056,3.3588433,-2.3974054,295.31647,12.686725
02-01-2025 09:30,1015.7936,3.0329227,-2.1153169,293.3175,12.7832775
02-01-2025 10:30,1015.74963,2.472041,-1.6010113,291.60455,12.870056
02-01-2025 11:30,1016.01227,2.0863218,-1.0229365,287.11563,12.939078
02-01-2025 12:30,1016.44055,2.4433768,-1.1564393,284.13623,12.993222
02-01-2025 13:30,1016.6429,2.1761777,-1.0934768,283.3959,12.853606
02-01-2025 14:30,1016.927,2.119723,-0.92477083,283.50458,12.812903
02-01-2025 15:30,1016.98267,2.1227374,-0.7011732,283.61377,12.782289
02-01-2025 16:30,1016.89514,2.2224357,-0.49648806,283.39014,12.716884
02-01-2025 17:30,1016.7899,2.4206655,-0.31800592,283.15344,12.653039
02-01-2025 18:30,1016.48206,2.5683897,-0.21686752,282.9459,12.478335
02-01-2025 19:30,1016.1799,2.6263025,-0.27092087,282.61185,12.213019
02-01-2025 20:30,1015.96875,2.59193,-0.5264627,282.06876,11.963757
02-01-2025 21:30,1015.798,2.406015,-0.87888956,281.57062,11.783711
02-01-2025 22:30,1015.6943,2.1297793,-1.1790292,281.17526,11.606847
02-01-2025 23:30,1015.8644,1.9316282,-1.2496614,280.8496,11.429191
03-01-2025 00:30,1016.3884,1.8494396,-1.0429237,280.394,11.174857
03-01-2025 01:30,1017.1141,1.8439301,-0.598993,280.09552,10.845852
03-01-2025 02:30,1017.8123,1.6504425,-0.051869005,283.33923,10.480404
03-01-2025 03:30,1018.51416,2.0824623,0.45442963,287.61267,10.146144
03-01-2025 04:30,1018.95233,1.8010921,0.62845045,290.96326,9.869814
03-01-2025 05:30,1018.67664,1.5146141,0.4767486,294.56104,9.628184
03-01-2025 06:30,1017.7475,1.5800352,0.16197062,297.12146,9.48244
03-01-2025 07:30,1016.6328,1.6193942,-0.14184454,298.51758,9.4654875
03-01-2025 08:30,1015.8375,1.7270977,-0.587057,298.45227,9.576805
03-01-2025 09:30,1015.37915,1.7152059,-1.0578893,296.85776,9.7067
03-01-2025 10:30,1015.21796,1.2604111,-1.0986716,294.16068,9.713065
03-01-2025 11:30,1015.30383,1.1189494,-1.3255463,288.6814,9.576569
03-01-2025 12:30,1015.6294,1.0619329,-1.500448,285.5119,9.330821
03-01-2025 13:30,1016.0042,0.9525111,-1.4366245,284.5791,9.0499525
03-01-2025 14:30,1016.18243,1.0062959,-1.2421854,283.5761,8.7874
03-01-2025 15:30,1016.1463,1.1662997,-0.9824133,282.49072,8.579207
03-01-2025 16:30,1015.9924,1.3873215,-0.7501534,281.66278,8.476982
03-01-2025 17:30,1015.73206,1.573771,-0.704518,281.09622,8.476113
03-01-2025 18:30,1015.23206,1.5986512,-0.8763071,280.59863,8.519896
03-01-2025 19:30,1014.8208,1.5111456,-1.0578483,280.11627,8.557715
03-01-2025 20:30,1014.45166,1.2880442,-1.2283293,279.64282,8.5509815
03-01-2025 21:30,1014.05774,0.99455684,-1.2616284,279.16232,8.52981
03-01-2025 22:30,1013.66626,0.7269277,-1.0147449,278.70935,8.494452
03-01-2025 23:30,1013.40485,0.49937123,-0.5148741,278.24963,8.430883
04-01-2025 00:30,1013.5831,0.3479538,0.21070367,277.87814,8.397253
04-01-2025 01:30,1014.2317,0.3338582,0.9976374,277.78604,8.412793
04-01-2025 02:30,1015.0125,0.37461543,1.6726913,282.5303,8.4643545
04-01-2025 03:30,1015.79834,0.5695857,2.5552106,288.64856,8.564471
04-01-2025 04:30,1016.36597,0.4877035,2.4366496,293.18906,8.719716
04-01-2025 05:30,1016.19147,0.17667776,2.6778677,297.77686,8.903519
04-01-2025 06:30,1015.2475,0.20001191,2.686333,300.58868,9.114124
04-01-2025 07:30,1013.9964,0.35227406,2.3008769,301.99368,9.347273
04-01-2025 08:30,1012.8203,0.1945411,1.9660062,301.9683,9.538779
04-01-2025 09:30,1011.89844,-0.37306887,1.6293836,299.2232,9.552392
04-01-2025 10:30,1011.4194,-0.8700701,1.0837479,295.7901,9.457432
04-01-2025 11:30,1011.45056,-1.7481761,1.2195132,289.43622,9.357119
04-01-2025 12:30,1012.087,-2.309627,1.6034737,286.33386,9.324185
04-01-2025 13:30,1012.9964,-2.4512272,1.9931897,285.45337,9.330177
04-01-2025 14:30,1013.70337,-2.3729858,2.32039,284.67444,9.361126
04-01-2025 15:30,1014.16125,-2.096454,2.6585054,283.956,9.4863405
04-01-2025 16:30,1014.3361,-1.7787135,2.9060311,283.38312,9.698434
04-01-2025 17:30,1014.33716,-1.5018345,3.008656,282.78668,9.923206
04-01-2025 18:30,1014.07874,-1.2414532,3.0225112,282.1548,10.196143
04-01-2025 19:30,1013.7163,-0.997622,2.9672945,281.51205,10.547418
04-01-2025 20:30,1013.4241,-0.7408972,2.8434143,280.90375,10.97258
04-01-2025 21:30,1013.1739,-0.63215375,2.5551472,280.2784,11.354773
04-01-2025 22:30,1013.0228,-0.79333687,2.1615927,279.67377,11.599243
04-01-2025 23:30,1013.175,-1.1193203,1.8977296,279.1789,11.726125
05-01-2025 00:30,1013.7408,-1.5195775,1.9066184,278.83994,11.698585
05-01-2025 01:30,1014.5044,-1.7802486,2.1070807,278.76242,11.572594
05-01-2025 02:30,1015.2004,-2.089517,2.6469674,282.5343,11.465468
05-01-2025 03:30,1015.7463,-2.4843192,3.230572,286.9596,11.423804
05-01-2025 04:30,1016.0954,-2.299029,2.9451876,291.76315,11.497998
05-01-2025 05:30,1015.9204,-2.6054065,4.1781983,295.73364,11.790164
05-01-2025 06:30,1015.176,-2.4391603,4.3236594,298.1964,12.343083
05-01-2025 07:30,1014.08234,-1.9147828,4.258656,299.66687,13.039704
05-01-2025 08:30,1013.0577,-1.4034381,4.157086,299.84717,13.680508
05-01-2025 09:30,1012.4255,-1.2532978,3.894742,298.24283,14.164411
05-01-2025 10:30,1012.1717,-1.3499625,2.6464014,295.3396,14.489496
05-01-2025 11:30,1012.26624,-2.0033088,2.056829,289.7606,14.774612
05-01-2025 12:30,1012.8989,-2.6846285,2.2428596,287.09433,15.150703
05-01-2025 13:30,1013.8529,-2.8362746,2.272595,286.57654,15.656817
05-01-2025 14:30,1014.72034,-2.9117792,2.3690903,286.11392,16.208117
05-01-2025 15:30,1015.1805,-2.9578743,2.5130012,285.67545,16.512491
05-01-2025 16:30,1015.3303,-2.8255866,2.603257,285.0575,16.629541
05-01-2025 17:30,1015.3485,-2.4547677,2.6418576,284.33792,16.808945
05-01-2025 18:30,1015.15405,-1.9238439,2.5851376,283.5651,17.159855
05-01-2025 19:30,1014.9836,-1.258824,2.49788,282.7818,17.643658
05-01-2025 20:30,1014.9456,-0.40391332,2.3798094,282.0494,18.088612
05-01-2025 21:30,1014.90985,0.3646292,1.9812452,281.49744,18.518562
05-01-2025 22:30,1014.77155,0.50688064,1.4337587,281.1415,18.886562
05-01-2025 23:30,1014.7664,-0.044821225,1.0224822,280.77277,19.043728
06-01-2025 00:30,1015.1464,-0.8793954,0.885145,280.4909,18.95075
06-01-2025 01:30,1015.83563,-1.3850564,1.0321031,280.46588,18.716757
06-01-2025 02:30,1016.6944,-1.3637363,1.2620767,283.55865,18.396473
06-01-2025 03:30,1017.5497,-1.2753218,1.8922348,286.73187,17.826101
06-01-2025 04:30,1018.2042,-0.5836285,1.9392111,291.00235,17.122883
06-01-2025 05:30,1018.15674,-0.3963333,2.4195566,295.3626,16.552471
06-01-2025 06:30,1017.40796,0.22809967,1.7206959,298.05692,16.13836
06-01-2025 07:30,1016.3042,0.8474922,0.8365606,299.371,15.705047
06-01-2025 08:30,1015.4542,1.3397228,0.033734858,298.9351,15.271803
06-01-2025 09:30,1015.0098,1.6308281,-0.7202547,296.48557,14.9645405
06-01-2025 10:30,1014.8775,1.40206,-1.2182797,293.6278,14.747754
06-01-2025 11:30,1015.03156,1.0893756,-1.7834681,288.75058,14.460493
06-01-2025 12:30,1015.6209,1.1308427,-2.4732983,286.18756,14.095165
06-01-2025 13:30,1016.4614,1.2535156,-2.69148,285.49854,13.597381
06-01-2025 14:30,1017.1189,1.5351856,-2.6744034,284.80872,12.975069
06-01-2025 15:30,1017.4149,1.8922067,-2.5271678,284.18314,12.232221
06-01-2025 16:30,1017.5008,2.1811812,-2.4188695,283.6756,11.418612
06-01-2025 17:30,1017.5371,2.3975363,-2.4653957,283.19455,10.607249
06-01-2025 18:30,1017.4309,2.5472827,-2.5071492,282.6374,9.853872
06-01-2025 19:30,1017.2578,2.6042998,-2.4043067,281.9757,9.197419
06-01-2025 20:30,1017.1371,2.7033167,-2.2969007,281.36142,8.6734705
06-01-2025 21:30,1016.9774,2.707448,-2.1171405,280.7555,8.297861
06-01-2025 22:30,1016.7386,2.7187545,-1.8247759,280.14362,7.9994807
06-01-2025 23:30,1016.71893,2.7708733,-1.6112442,279.61374,7.7303305
07-01-2025 00:30,1017.04663,2.7907753,-1.4374788,279.11877,7.4548917
07-01-2025 01:30,1017.6329,2.832219,-1.2580211,278.74768,7.1568956
07-01-2025 02:30,1018.3899,3.8823764,-1.4693351,281.05774,6.917416
07-01-2025 03:30,1019.1794,4.195216,-1.171704,284.4886,6.779491
07-01-2025 04:30,1019.7065,3.775912,-0.5823368,289.1297,6.609198
07-01-2025 05:30,1019.3764,4.297348,-2.7996411,293.6606,6.398643
07-01-2025 06:30,1018.2681,3.7580113,-3.196119,296.04745,6.2525344
07-01-2025 07:30,1017.0847,3.796269,-3.1911283,296.7401,6.292192
07-01-2025 08:30,1016.17377,4.0119796,-3.2894902,296.3127,6.3739347
07-01-2025 09:30,1015.6856,4.1322837,-3.293105,294.42136,6.4326987
07-01-2025 10:30,1015.35736,3.3394458,-2.8986962,291.88452,6.317786
07-01-2025 11:30,1015.33093,2.3064244,-1.694764,286.43906,6.142469
07-01-2025 12:30,1015.7045,2.9198632,-1.6932275,283.28128,5.9585595
07-01-2025 13:30,1016.1336,3.14718,-1.3668652,282.33392,5.767155
07-01-2025 14:30,1016.48553,3.305324,-1.0168904,281.45273,5.6282873
07-01-2025 15:30,1016.6266,3.427106,-0.97355545,280.7829,5.578562
07-01-2025 16:30,1016.58203,3.5785894,-1.1610773,280.40244,5.6391754
07-01-2025 17:30,1016.29126,3.6880696,-1.4162742,280.05606,5.733833
07-01-2025 18:30,1015.56537,3.5696514,-1.5538573,279.45193,5.8024793
07-01-2025 19:30,1014.77814,3.4280448,-1.5402489,278.77216,5.914427
07-01-2025 20:30,1014.14276,3.4006672,-1.4787292,278.20618,6.103736
07-01-2025 21:30,1013.72546,3.4572308,-1.4482367,277.76605,6.2791004
07-01-2025 22:30,1013.4994,3.5887032,-1.4064556,277.38965,6.4111404
07-01-2025 23:30,1013.4765,3.7512736,-1.2648876,277.04962,6.566392
08-01-2025 00:30,1013.7629,3.7308083,-1.151757,276.63422,6.6370807
08-01-2025 01:30,1014.2861,3.6550047,-1.0481265,276.3258,6.674969
08-01-2025 02:30,1014.9613,4.6482415,-1.1334169,279.42572,6.7299485
08-01-2025 03:30,1015.95764,4.64014,-0.5758304,283.83496,6.8639884
08-01-2025 04:30,1016.89294,4.1149178,-0.12200922,289.138,7.1520553
08-01-2025 05:30,1017.0517,5.454741,-2.5277011,293.63254,7.486241
08-01-2025 06:30,1016.3039,5.559306,-3.620343,295.78616,7.764295
08-01-2025 07:30,1015.2566,5.1518717,-3.6178389,297.0194,7.9771776
08-01-2025 08:30,1014.46436,4.7140155,-3.4771016,297.13443,8.1498375
08-01-2025 09:30,1014.0056,4.1748962,-3.1998112,295.7556,8.279246
08-01-2025 10:30,1013.78735,2.8196647,-2.1436653,292.80508,8.402508
08-01-2025 11:30,1013.7576,2.2826176,-1.4094361,286.4567,8.49806
08-01-2025 12:30,1014.1488,2.5930843,-1.1974365,282.95856,8.553736
08-01-2025 13:30,1014.78326,2.6759453,-0.8341314,282.0393,8.612853
08-01-2025 14:30,1015.3686,2.7348864,-0.4721188,281.2375,8.6959305
08-01-2025 15:30,1015.74884,2.8165333,-0.20046419,280.56363,8.771336
08-01-2025 16:30,1015.9192,2.9326715,-0.07976365,279.99088,8.842839
08-01-2025 17:30,1015.9897,3.0175414,-0.094198585,279.4793,8.883519
08-01-2025 18:30,1015.952,3.0433102,-0.18514323,278.9937,8.853747
08-01-2025 19:30,1015.8334,2.9793444,-0.2715199,278.49728,8.74671
08-01-2025 20:30,1015.5642,2.8579385,-0.32096863,277.9893,8.578245
08-01-2025 21:30,1015.3164,2.6744056,-0.36944246,277.46826,8.346413
08-01-2025 22:30,1015.1228,2.4875803,-0.39545083,276.9946,8.026344
08-01-2025 23:30,1015.14655,2.3322294,-0.31650376,276.51,7.6184797
09-01-2025 00:30,1015.6001,2.2633927,-0.12884343,276.08072,7.227031
09-01-2025 01:30,1016.2464,2.205371,0.021335125,275.83405,6.866423
09-01-2025 02:30,1016.9805,1.9499017,0.10909748,280.4757,6.5622926
09-01-2025 03:30,1017.8897,1.8359035,0.1796366,286.6101,6.3898916
09-01-2025 04:30,1018.7175,1.0168641,0.22262895,291.4679,6.396554
09-01-2025 05:30,1018.83575,0.49886608,0.047953963,296.9021,6.524617
09-01-2025 06:30,1018.2739,0.5483252,-0.34182048,299.8288,6.7063293
09-01-2025 07:30,1017.5578,0.54279125,-0.41170192,300.6533,6.8906145
09-01-2025 08:30,1017.0436,0.5239389,-0.41062146,300.10492,7.0460653
09-01-2025 09:30,1016.5761,0.38618755,-0.49398333,296.99277,7.0380797
09-01-2025 10:30,1016.3313,0.004903197,-0.54655564,293.53873,6.8812814
09-01-2025 11:30,1016.26935,-0.6431346,-0.6928968,286.93118,6.6576037
09-01-2025 12:30,1016.61414,-1.2011449,-0.65657413,283.38766,6.4264083
09-01-2025 13:30,1017.233,-1.5790232,-0.48561132,282.27527,6.194957
09-01-2025 14:30,1017.7442,-1.7717837,-0.24653459,281.2802,5.97559
09-01-2025 15:30,1018.19135,-1.7886595,0.039220095,280.3819,5.835373
09-01-2025 16:30,1018.38275,-1.7497509,0.2116108,279.58328,5.7379937
09-01-2025 17:30,1018.35034,-1.7386516,0.32274503,278.87833,5.6528573
09-01-2025 18:30,1018.2386,-1.7243655,0.48622632,278.22595,5.597189
09-01-2025 19:30,1018.20044,-1.7267203,0.5988475,277.63574,5.5482454
09-01-2025 20:30,1018.28125,-1.6528697,0.76784223,277.08636,5.5120597
09-01-2025 21:30,1018.2339,-1.4854786,1.0654361,276.58365,5.509218
09-01-2025 22:30,1018.02466,-1.2309769,1.4837831,276.1388,5.512096
09-01-2025 23:30,1018.09717,-0.84543574,1.9741532,275.76093,5.4840946
10-01-2025 00:30,1018.5207,-0.4605851,2.3770251,275.45425,5.414053
10-01-2025 01:30,1019.1719,-0.090424925,2.7082345,275.3315,5.334052
10-01-2025 02:30,1019.88477,0.20140421,2.5771596,279.36932,5.291603
10-01-2025 03:30,1020.72314,0.3559628,3.2804601,285.27585,5.3029375
10-01-2025 04:30,1021.3719,-0.104688644,2.3387518,290.1993,5.388977
10-01-2025 05:30,1021.19617,-0.58701515,2.4951427,295.2978,5.6005754
10-01-2025 06:30,1020.33344,-0.81323874,2.039075,297.27988,5.8607655
10-01-2025 07:30,1019.18646,-1.0297613,1.5143371,298.29007,6.056466
10-01-2025 08:30,1018.2386,-1.2828039,1.0869842,297.81592,6.2272797
10-01-2025 09:30,1017.5569,-1.4254994,0.7164228,295.71338,6.4169917
10-01-2025 10:30,1017.1177,-1.26906,0.33758873,292.43323,6.5951824
10-01-2025 11:30,1016.9394,-1.7187072,0.16800761,286.01245,6.72954
10-01-2025 12:30,1017.17126,-2.1887455,0.32481325,282.7449,6.9108825
10-01-2025 13:30,1017.7068,-2.4038215,0.74861616,281.86584,7.192643
10-01-2025 14:30,1018.0009,-2.4613292,1.2803319,281.1392,7.5643888
10-01-2025 15:30,1017.96185,-2.5457785,1.6808546,280.57202,7.9832234
10-01-2025 16:30,1017.74396,-2.5942965,1.9890507,280.08527,8.393689
10-01-2025 17:30,1017.45825,-2.6153274,2.20792,279.67517,8.745208
10-01-2025 18:30,1017.20337,-2.6382475,2.2379136,279.25845,9.05138
10-01-2025 19:30,1017.09955,-2.7011418,2.1114345,278.84506,9.438328
10-01-2025 20:30,1017.1625,-2.7780879,1.8810972,278.44086,10.010442
10-01-2025 21:30,1017.215,-2.7710567,1.6731533,277.9994,10.777646
10-01-2025 22:30,1017.22534,-2.6986651,1.5549312,277.61612,11.721498
10-01-2025 23:30,1017.443,-2.612204,1.5132611,277.33197,12.736388
11-01-2025 00:30,1018.02515,-2.5602431,1.4900062,277.12683,13.639983
11-01-2025 01:30,1018.74115,-2.5432758,1.4942907,277.19873,14.425511
11-01-2025 02:30,1019.34644,-2.874546,1.6935929,280.0984,15.040149
11-01-2025 03:30,1019.75916,-3.5921245,1.9512973,283.6954,15.262452
11-01-2025 04:30,1020.07263,-2.7858124,1.9029675,287.8017,15.728927
11-01-2025 05:30,1020.0695,-2.1738033,4.102763,291.3976,16.796648
11-01-2025 06:30,1019.2634,-1.0086464,4.252716,292.76923,17.739481
11-01-2025 07:30,1017.8297,-0.6417932,3.4313555,293.18317,18.299397
11-01-2025 08:30,1016.63885,-0.89220184,2.7096024,292.86426,18.17261
11-01-2025 09:30,1015.97186,-0.995142,2.166397,291.966,17.78606
11-01-2025 10:30,1015.6527,-0.7137432,1.2798549,290.11212,17.907372
11-01-2025 11:30,1015.7717,-0.40116316,0.1926329,286.60648,18.828436
11-01-2025 12:30,1016.4473,-0.23219395,-0.7758617,284.81573,20.437914
11-01-2025 13:30,1017.5151,-0.1983543,-1.1466136,284.7053,22.096067
11-01-2025 14:30,1018.3441,-0.46868384,-1.3145169,284.53632,23.236048
11-01-2025 15:30,1018.67554,-1.0539405,-1.2569575,284.13892,23.346592
11-01-2025 16:30,1018.4473,-1.4747341,-1.284393,283.66678,22.377192
11-01-2025 17:30,1018.08795,-1.8142102,-1.3607606,283.1289,21.08268
11-01-2025 18:30,1017.753,-1.9404896,-1.1138254,282.41772,19.947355
11-01-2025 19:30,1017.617,-1.9489021,-0.62469906,281.96115,18.978432
11-01-2025 20:30,1017.4911,-2.062134,-0.11147088,281.14594,17.956717
11-01-2025 21:30,1017.52344,-2.0615888,0.15310502,280.81622,17.24621
11-01-2025 22:30,1017.47095,-2.1795433,0.32132477,280.12234,16.750427
11-01-2025 23:30,1017.5481,-2.3034458,0.5390908,279.28766,16.359535
12-01-2025 00:30,1018.0711,-2.2684479,0.9567712,278.87933,16.102304
12-01-2025 01:30,1018.79517,-2.1117759,1.4378128,278.72284,15.921982
12-01-2025 02:30,1019.47925,-2.2508354,2.2427828,281.19254,15.917086
12-01-2025 03:30,1020.22125,-1.956744,2.6602027,284.2209,16.235567
12-01-2025 04:30,1020.8716,-1.4583447,2.624627,288.38818,16.650925
12-01-2025 05:30,1020.7889,-1.378252,3.3049319,292.47858,16.827059
12-01-2025 06:30,1020.08325,-0.47691178,2.6414075,295.2769,16.782145
12-01-2025 07:30,1019.2555,0.2855847,1.7426152,296.53986,16.638119
12-01-2025 08:30,1018.66547,0.7560849,0.7738436,296.3749,16.428892
12-01-2025 09:30,1018.2544,0.802439,-0.17110616,294.60086,16.18016
12-01-2025 10:30,1018.15594,0.6248832,-1.0252211,291.66364,15.961409
12-01-2025 11:30,1018.37274,0.28342724,-1.5801816,286.85046,15.705827
12-01-2025 12:30,1018.8956,0.122546315,-2.3232627,283.8573,15.391974
12-01-2025 13:30,1019.64526,0.09793782,-2.6119125,283.1109,15.067102
12-01-2025 14:30,1020.2115,0.2042414,-2.696538,282.4018,14.754998
12-01-2025 15:30,1020.4578,0.35146606,-2.7154696,281.73468,14.459005
12-01-2025 16:30,1020.47284,0.4524554,-2.7263556,281.1485,14.212525
12-01-2025 17:30,1020.35297,0.5095723,-2.7670627,280.64542,14.076223
12-01-2025 18:30,1019.9725,0.49492073,-2.8211389,280.21912,13.963797
12-01-2025 19:30,1019.62305,0.5047811,-2.8480785,279.83762,13.830153
12-01-2025 20:30,1019.3873,0.6306491,-2.8177607,279.46063,13.732257
12-01-2025 21:30,1019.1741,0.8631129,-2.7083473,279.0496,13.646421
12-01-2025 22:30,1018.91986,1.1409038,-2.5505388,278.66266,13.547483
12-01-2025 23:30,1018.85547,1.4111209,-2.3866172,278.32034,13.455628
13-01-2025 00:30,1019.21466,1.6710773,-2.2228053,278.0555,13.377792
13-01-2025 01:30,1019.7481,1.9255515,-2.0557013,277.985,13.267616
13-01-2025 02:30,1020.187,2.6866055,-2.425261,281.2968,13.156924
13-01-2025 03:30,1020.48706,2.9121532,-1.9809079,285.4095,13.191269
13-01-2025 04:30,1020.7283,2.9970431,-1.8774894,290.32202,13.310512
13-01-2025 05:30,1020.2703,3.0543616,-3.4501758,294.2198,13.33146
13-01-2025 06:30,1019.09576,2.6871011,-3.373145,296.5766,13.250833
13-01-2025 07:30,1017.8198,2.469294,-3.2239327,297.80054,13.177388
13-01-2025 08:30,1016.9233,2.329296,-3.261819,297.89178,13.063106
13-01-2025 09:30,1016.4492,2.1950607,-3.402998,296.53735,12.895875
13-01-2025 10:30,1016.2675,1.9480196,-3.10854,293.9999,12.71744
13-01-2025 11:30,1016.3853,1.6817646,-2.039488,288.68204,12.441295
13-01-2025 12:30,1016.79156,2.2963893,-2.234858,285.44016,12.007415
13-01-2025 13:30,1017.4118,2.5666656,-2.1699932,284.70093,11.453663
13-01-2025 14:30,1017.8906,2.76093,-2.0613422,284.03604,10.862064
13-01-2025 15:30,1018.0711,2.8954687,-2.0205607,283.4179,10.339724
13-01-2025 16:30,1018.01196,2.944272,-2.0649683,282.78668,9.946469
13-01-2025 17:30,1017.74786,2.8549414,-2.1725726,282.09277,9.601451
13-01-2025 18:30,1017.28015,2.6617749,-2.2751498,281.34116,9.241125
13-01-2025 19:30,1016.8173,2.449137,-2.312687,280.57248,8.875066
13-01-2025 20:30,1016.37354,2.2465878,-2.33171,279.81833,8.503819
13-01-2025 21:30,1016.01294,2.0824175,-2.3122442,279.08957,8.113195
13-01-2025 22:30,1015.80396,2.0370948,-2.2061296,278.3687,7.71201
13-01-2025 23:30,1016.02795,2.1247983,-2.0240002,277.71432,7.3722525
14-01-2025 00:30,1016.8042,2.3164215,-1.7190806,277.1131,7.0622635
14-01-2025 01:30,1017.7927,2.5443273,-1.255012,276.75845,6.8349915
14-01-2025 02:30,1018.8384,2.9677014,-0.77853394,280.84418,6.7806873
14-01-2025 03:30,1019.8619,3.2816355,-0.261605,285.1166,6.8579254
14-01-2025 04:30,1020.6675,2.414612,0.2028791,290.1326,6.9903393
14-01-2025 05:30,1020.7436,2.4148207,-0.7725902,295.23444,7.1817007
14-01-2025 06:30,1019.9768,2.0273442,-1.0380179,297.9505,7.397233
14-01-2025 07:30,1018.84784,1.3922236,-1.1272258,299.0218,7.5138154
14-01-2025 08:30,1018.00696,0.77656114,-1.3179004,298.70258,7.5511227
14-01-2025 09:30,1017.4484,0.3203056,-1.5766808,296.4943,7.524513
14-01-2025 10:30,1017.2196,0.04990995,-1.502185,293.30237,7.384222
14-01-2025 11:30,1017.2779,-0.06784809,-1.6277719,287.02216,7.1287603
14-01-2025 12:30,1017.6575,-0.20675299,-1.8773218,283.34726,6.8752923
14-01-2025 13:30,1018.3295,-0.29645225,-1.9085207,282.30225,6.6967273
14-01-2025 14:30,1018.88776,-0.25122532,-1.8228202,281.3601,6.6003466
14-01-2025 15:30,1019.2647,-0.090764165,-1.6049304,280.5053,6.579071
14-01-2025 16:30,1019.5198,0.047777534,-1.3001288,279.74615,6.626833
14-01-2025 17:30,1019.5979,0.16898316,-1.0693624,279.05875,6.738908
14-01-2025 18:30,1019.5664,0.33105165,-0.87077177,278.45383,6.884061
14-01-2025 19:30,1019.5567,0.46963644,-0.7367041,277.91345,6.983339
14-01-2025 20:30,1019.52155,0.49128613,-0.66410273,277.40982,7.00026
14-01-2025 21:30,1019.3675,0.32411417,-0.7359239,276.93698,6.9676995
14-01-2025 22:30,1019.2523,0.051426962,-0.79053557,276.50537,6.9284163
14-01-2025 23:30,1019.4511,-0.25228223,-0.76909876,276.1255,6.948813
15-01-2025 00:30,1020.0419,-0.51156193,-0.71762675,275.82227,7.038194
15-01-2025 01:30,1020.8349,-0.64038324,-0.58759326,275.7306,7.156663
15-01-2025 02:30,1021.6233,-0.610249,-0.35388774,280.01352,7.272456
15-01-2025 03:30,1022.39545,-0.8045158,-0.089826226,285.72797,7.289157
15-01-2025 04:30,1022.7333,-1.0838974,0.25884825,290.02136,7.2502804
15-01-2025 05:30,1022.15564,-2.3990247,1.5479237,294.4344,7.2917395
15-01-2025 06:30,1020.81445,-2.9805915,2.3121092,296.47757,7.393032
15-01-2025 07:30,1019.3364,-2.977099,2.4815364,297.25934,7.521055
15-01-2025 08:30,1018.1893,-2.789832,2.5456052,296.97385,7.676788
15-01-2025 09:30,1017.4956,-2.365326,2.4825559,295.55875,8.036729
15-01-2025 10:30,1017.1414,-1.6162775,1.8339233,292.6622,8.67748
15-01-2025 11:30,1016.9736,-1.3185064,1.4837799,286.89774,9.634852
15-01-2025 12:30,1017.1788,-1.4633582,1.7405865,283.64383,11.009922
15-01-2025 13:30,1017.7562,-1.3180083,2.0083218,282.98856,12.892358
15-01-2025 14:30,1018.3953,-0.9293854,2.3667157,282.55634,15.5138035
15-01-2025 15:30,1018.7056,-0.5970329,2.6255968,283.6315,18.159233
15-01-2025 16:30,1018.96893,-0.4458537,2.5954273,284.38885,20.347443
15-01-2025 17:30,1019.0162,-0.49867672,2.3892198,284.52927,22.228338
15-01-2025 18:30,1018.71716,-0.5298045,2.1036797,284.31485,23.861353
15-01-2025 19:30,1018.4531,-0.48997992,1.7393805,284.27405,25.337011
15-01-2025 20:30,1018.2456,-0.5366801,1.2174008,284.26874,26.402588
15-01-2025 21:30,1018.0711,-0.72195303,0.6282608,284.1709,26.548445
15-01-2025 22:30,1017.7512,-0.994539,0.118910074,283.77655,25.634535
15-01-2025 23:30,1017.6897,-1.2567879,-0.041921318,283.3153,24.934649
16-01-2025 00:30,1018.2528,-1.5100163,0.14684266,283.0307,24.658953
16-01-2025 01:30,1019.1619,-1.5859216,0.4808047,282.87393,23.97104
16-01-2025 02:30,1019.9675,-1.8835591,0.97305745,283.53796,22.614126
16-01-2025 03:30,1020.77295,-2.0467405,1.3914993,284.77838,21.509975
16-01-2025 04:30,1021.54987,-2.0314746,1.725636,286.84787,20.6959
16-01-2025 05:30,1021.59204,-1.6222365,1.6494672,289.95776,19.363457
16-01-2025 06:30,1020.96094,-0.95131576,1.3298143,293.21713,18.071438
16-01-2025 07:30,1020.0051,-0.663654,0.6554409,294.36862,17.023037
16-01-2025 08:30,1019.27936,-0.7714188,-0.19520575,294.98248,16.209644
16-01-2025 09:30,1018.8848,-0.81101805,-1.047931,294.43808,15.527356
16-01-2025 10:30,1018.95264,-0.87358177,-1.8266879,292.08875,14.93687
16-01-2025 11:30,1019.5193,-0.883458,-1.5836997,288.52612,14.378212
16-01-2025 12:30,1020.5128,-1.3977394,-1.9409298,285.51657,13.776487
16-01-2025 13:30,1021.8127,-1.5130167,-1.8789397,284.54126,13.144322
16-01-2025 14:30,1022.72534,-1.4243177,-1.8369664,283.01578,12.497654
16-01-2025 15:30,1023.0987,-1.267275,-1.7765818,282.19797,11.9290285
16-01-2025 16:30,1023.065,-1.0552936,-1.6989263,281.45367,11.492685
16-01-2025 17:30,1022.7699,-0.65840715,-1.6050566,280.76886,11.209537
16-01-2025 18:30,1022.1319,-0.12841219,-1.5874318,280.17883,11.036906
16-01-2025 19:30,1021.5156,0.5191667,-1.6973329,279.70795,10.887942
16-01-2025 20:30,1021.252,1.318076,-1.6970874,279.33527,10.72309
16-01-2025 21:30,1020.8906,1.7903376,-1.8476121,279.07147,10.441411
16-01-2025 22:30,1020.4299,1.92905,-2.0620313,278.84564,10.120959
16-01-2025 23:30,1020.42944,2.029295,-2.1476216,278.669,9.758365
17-01-2025 00:30,1020.7459,2.0710897,-2.3203561,278.74158,9.158591
17-01-2025 01:30,1021.2647,2.1203809,-2.5295422,278.9969,8.371135
17-01-2025 02:30,1021.7653,2.7997587,-3.566917,282.20746,7.5209208
17-01-2025 03:30,1022.17,2.4996696,-2.8784912,285.92752,6.7175937
17-01-2025 04:30,1022.4614,2.2596464,-2.8101375,290.63593,6.067154
17-01-2025 05:30,1021.9854,1.9051619,-4.420587,294.0188,5.7034564
17-01-2025 06:30,1020.7327,1.569289,-3.4303374,295.94757,5.5507045
17-01-2025 07:30,1019.209,1.4116923,-2.4484346,297.08386,5.51522
17-01-2025 08:30,1017.98206,1.5031366,-1.7075835,296.92926,5.5395346
17-01-2025 09:30,1017.1282,1.6775911,-1.2654543,295.16272,5.570472
17-01-2025 10:30,1016.73065,1.7931045,-1.0640478,292.1078,5.5837593
17-01-2025 11:30,1016.8088,1.8338785,-0.9599347,286.29343,5.6059566
17-01-2025 12:30,1017.41724,2.4867268,-1.3721704,282.55225,5.6313224
17-01-2025 13:30,1018.3162,2.6522589,-1.7365106,281.69156,5.6375575
17-01-2025 14:30,1018.95294,2.5699067,-1.9518535,280.82385,5.6848073
17-01-2025 15:30,1019.1995,2.3834486,-1.9432017,279.94016,5.8103576
17-01-2025 16:30,1019.2033,2.2357981,-1.7276082,280.27225,6.01098
17-01-2025 17:30,1018.83673,2.1365538,-1.5524783,279.9957,6.251934
17-01-2025 18:30,1018.0059,2.0199556,-1.36372,278.40332,6.5133963
17-01-2025 19:30,1017.23376,2.0514224,-1.0959461,277.738,6.7581577
17-01-2025 20:30,1016.7397,2.2787702,-0.91608447,277.00995,6.857713
17-01-2025 21:30,1016.4154,2.350308,-0.7184925,276.6972,6.983396
17-01-2025 22:30,1016.35767,2.493177,-0.5773789,277.32114,7.1451387
17-01-2025 23:30,1016.77905,2.688839,-0.52273494,277.5799,7.2463593
18-01-2025 00:30,1017.60034,2.6957169,-0.57158154,277.4616,7.265728
18-01-2025 01:30,1018.58453,2.662031,-0.546122,277.39526,7.2861133
18-01-2025 02:30,1019.47284,2.404573,-0.35148752,281.2323,7.190482
18-01-2025 03:30,1020.1228,2.7524629,-0.11838639,285.83157,7.168444
18-01-2025 04:30,1020.49615,1.8981764,0.20410585,290.76343,7.2960553
18-01-2025 05:30,1020.2918,1.7038088,0.39481455,294.9524,7.4595795
18-01-2025 06:30,1019.3593,1.6151103,0.2946969,296.62903,7.743087
18-01-2025 07:30,1018.2994,1.3596275,-0.14853252,296.14307,8.088901
18-01-2025 08:30,1016.9252,0.22999942,0.000251994,296.95425,7.9960537
18-01-2025 09:30,1015.92596,-0.21956837,0.047223836,296.12027,8.110195
18-01-2025 10:30,1015.22375,-0.6075635,-0.09558001,292.9613,8.84127
18-01-2025 11:30,1014.87695,-0.6898366,-0.16299792,287.67834,8.995182
18-01-2025 12:30,1014.9858,-0.73145986,-0.35951012,282.6155,8.553501
18-01-2025 13:30,1015.48846,-0.73201215,-0.51662827,281.51874,8.29493
18-01-2025 14:30,1016.1272,-0.51644135,-0.61792797,280.5824,8.153541
18-01-2025 15:30,1016.6333,-0.028639674,-0.70959145,279.78207,8.344562
18-01-2025 16:30,1017.03815,0.39430404,-0.84105575,279.20593,8.903158
18-01-2025 17:30,1017.2029,0.47735167,-1.0431466,278.78555,9.680077
18-01-2025 18:30,1017.0564,0.31213486,-1.2396942,279.07895,10.594175
18-01-2025 19:30,1016.6579,-0.13755083,-1.3819718,279.3489,11.451841
18-01-2025 20:30,1016.197,-0.71911716,-1.413042,279.54532,12.292029
18-01-2025 21:30,1015.87366,-1.0881366,-1.1304352,279.83606,13.406447
18-01-2025 22:30,1015.64453,-1.1063689,-0.5497886,279.55627,14.800819
18-01-2025 23:30,1015.71765,-0.81589365,0.13499531,279.3117,16.047462
19-01-2025 00:30,1016.2562,-0.1755929,0.89372075,279.32312,16.9068
19-01-2025 01:30,1017.10016,0.5602245,1.4609696,278.89584,17.422558
19-01-2025 02:30,1017.89233,0.95839965,1.5851948,283.04074,17.88671
19-01-2025 03:30,1018.515,1.2135494,1.8834188,288.24695,18.25723
19-01-2025 04:30,1019.0594,0.5206212,1.0153993,292.8275,18.529099
19-01-2025 05:30,1019.03204,0.48111853,1.0042162,297.27454,18.866127
19-01-2025 06:30,1018.0182,1.5830357,1.4331385,300.4175,19.101133
19-01-2025 07:30,1016.17096,1.5576725,1.3128474,301.78534,19.169285
19-01-2025 08:30,1014.9528,1.5522962,0.65181935,301.69766,19.386707
19-01-2025 09:30,1014.3989,1.5809278,-0.36663103,299.5318,19.722942
19-01-2025 10:30,1014.1939,0.91315913,-1.058269,296.68268,19.918537
19-01-2025 11:30,1014.03314,0.1580047,-1.9101287,291.8539,19.793678
19-01-2025 12:30,1014.1669,-0.4602295,-2.4674778,288.3202,19.560266
19-01-2025 13:30,1014.7936,-0.6750778,-2.7772028,287.53214,19.31185
19-01-2025 14:30,1015.3038,-0.76773727,-2.9249897,286.5349,18.781769
19-01-2025 15:30,1015.67633,-0.60683525,-3.0205894,285.7437,18.237509
19-01-2025 16:30,1015.8083,-0.31969988,-3.0883079,285.0592,17.691086
19-01-2025 17:30,1015.7726,0.008472685,-3.1090875,284.46408,17.097523
19-01-2025 18:30,1015.49,0.2992321,-3.0887587,283.82816,16.382278
19-01-2025 19:30,1015.0229,0.46696177,-3.0422833,283.1842,15.59646
19-01-2025 20:30,1014.7089,0.6669184,-2.9765806,282.58188,14.948223
19-01-2025 21:30,1014.35266,0.82653034,-2.8621404,281.98535,14.3512
19-01-2025 22:30,1014.10516,1.057327,-2.6319036,282.0271,13.838083
19-01-2025 23:30,1014.175,1.3224106,-2.4494703,281.9082,13.388283
20-01-2025 00:30,1014.62445,1.5516003,-2.2742028,281.48077,12.902582
20-01-2025 01:30,1015.2723,1.8292245,-2.1352654,280.6185,12.448785
20-01-2025 02:30,1015.8789,2.2456725,-1.93495,284.10028,12.155043
20-01-2025 03:30,1016.52124,2.8696613,-1.9250448,287.94882,12.0351
20-01-2025 04:30,1017.0072,2.476436,-1.2187083,292.29715,11.9708805
20-01-2025 05:30,1017.01544,3.462809,-2.221759,297.26398,12.011622
20-01-2025 06:30,1016.483,4.594486,-2.3253603,299.39813,12.004219
20-01-2025 07:30,1015.3092,4.81038,-2.0786865,300.29437,11.847447
20-01-2025 08:30,1014.0298,4.668276,-2.0712855,300.08664,11.71376
20-01-2025 09:30,1013.27124,4.41003,-2.21352,298.78003,11.697365
20-01-2025 10:30,1013.02155,3.5201638,-2.1098945,296.02692,11.751639
20-01-2025 11:30,1013.0153,2.232118,-1.6208524,290.17197,11.8576145
20-01-2025 12:30,1013.2721,2.5149953,-2.021727,286.33658,12.073149
20-01-2025 13:30,1013.9016,2.551418,-2.155647,285.44296,12.458261
20-01-2025 14:30,1014.6211,2.605692,-2.1718168,284.70123,12.967335
20-01-2025 15:30,1014.97876,2.6828153,-2.1611874,284.09332,13.226342
20-01-2025 16:30,1014.96954,2.7380192,-2.1806238,283.60236,13.120348
20-01-2025 17:30,1014.96906,2.7876165,-2.20439,283.15576,12.856047
20-01-2025 18:30,1014.72455,2.704442,-2.341648,282.70386,12.521895
20-01-2025 19:30,1014.3601,2.5972526,-2.4570932,282.2224,12.217362
20-01-2025 20:30,1013.8706,2.465343,-2.5927553,281.78928,12.158708
20-01-2025 21:30,1013.3192,2.2551622,-2.6746368,281.2932,12.471594
20-01-2025 22:30,1012.9747,2.088668,-2.6542044,280.82343,13.02672
20-01-2025 23:30,1012.79205,1.9612372,-2.5562477,280.36438,13.480769
21-01-2025 00:30,1012.95874,1.9712183,-2.394981,279.9521,13.824113
21-01-2025 01:30,1013.5225,2.1635673,-2.1154358,279.82593,14.113236
21-01-2025 02:30,1014.1933,2.5958135,-1.912719,283.60028,14.28292
21-01-2025 03:30,1014.83344,3.119274,-1.7515464,288.26572,14.247583
21-01-2025 04:30,1015.2736,2.5448742,-1.0698109,293.25464,14.167785
21-01-2025 05:30,1015.20154,2.9217868,-2.1195955,298.0614,14.008776
21-01-2025 06:30,1014.6122,3.6856155,-2.8653407,300.58786,13.929129
21-01-2025 07:30,1013.6078,3.8869376,-2.6863945,301.43402,13.80162
21-01-2025 08:30,1012.6886,3.9100072,-2.4729843,301.09033,13.541469
21-01-2025 09:30,1012.0725,3.937271,-2.2380998,299.4789,13.265528
21-01-2025 10:30,1011.7544,3.457161,-1.9040769,296.6519,12.948873
21-01-2025 11:30,1011.4331,2.268495,-1.3277272,290.77493,12.481368
21-01-2025 12:30,1011.4889,2.6444452,-1.7812289,286.6384,12.078306
21-01-2025 13:30,1011.9994,2.611787,-2.110896,285.72964,11.784149
21-01-2025 14:30,1012.5541,2.4732816,-2.34683,284.95416,11.764893
21-01-2025 15:30,1013.0622,2.339429,-2.5196004,284.3229,12.074367
21-01-2025 16:30,1013.3235,2.0683794,-2.6982014,283.74072,12.463017
21-01-2025 17:30,1013.42773,1.7582741,-2.822408,283.15833,12.813933
21-01-2025 18:30,1013.2614,1.453064,-2.875406,282.56982,13.079621
21-01-2025 19:30,1012.8497,1.1969931,-2.8956094,282.01642,13.331335
21-01-2025 20:30,1012.34357,1.0418906,-2.8842795,281.56238,13.644738
21-01-2025 21:30,1011.98376,1.0175467,-2.7665534,281.09512,14.021371
21-01-2025 22:30,1011.84814,1.0503662,-2.5669632,280.61285,14.418885
21-01-2025 23:30,1011.9272,1.0647079,-2.2468853,280.10873,14.711511
22-01-2025 00:30,1012.4578,1.1467416,-1.74537,279.63492,14.945897
22-01-2025 01:30,1013.33124,1.3327963,-1.0761809,279.50272,15.158366
22-01-2025 02:30,1014.2408,1.4597163,-0.3013547,283.9485,15.343727
22-01-2025 03:30,1015.0772,1.7761841,0.21115956,288.55148,15.39592
22-01-2025 04:30,1015.6322,1.5465738,0.3521607,293.37668,15.474249
22-01-2025 05:30,1015.3883,1.3037511,0.49209788,298.87476,15.626228
22-01-2025 06:30,1014.5023,1.7408638,0.5579326,301.95776,15.781682
22-01-2025 07:30,1013.3264,1.9918433,0.2931379,302.65353,15.971487
22-01-2025 08:30,1012.11743,1.9536052,0.027177095,302.24332,16.116426
22-01-2025 09:30,1011.3114,1.6680446,-0.13451302,299.77728,16.40408
22-01-2025 10:30,1011.0603,1.1709331,-0.41711158,296.88513,16.93027
22-01-2025 11:30,1011.1758,0.55006367,-1.1105118,291.44485,17.59544
22-01-2025 12:30,1011.6277,0.021211367,-1.887864,288.52148,18.358797
22-01-2025 13:30,1012.4885,-0.34486574,-2.2282934,288.26813,19.226337
22-01-2025 14:30,1013.4143,-0.4528902,-2.292715,288.3418,20.11771
22-01-2025 15:30,1014.0453,-0.36479977,-2.228601,288.182,20.702091
22-01-2025 16:30,1014.34,-0.14571892,-2.2048457,287.92413,21.070694
22-01-2025 17:30,1014.48047,0.102072924,-2.2296581,287.53827,21.386986
22-01-2025 18:30,1014.5465,0.23006564,-2.2552772,287.1674,21.465334
22-01-2025 19:30,1014.45483,0.056515038,-2.3316758,286.64346,21.200203
22-01-2025 20:30,1014.1847,-0.30405658,-2.373973,286.0914,20.762863
22-01-2025 21:30,1013.7347,-0.66344523,-2.358036,285.41412,20.439442
22-01-2025 22:30,1013.3337,-0.88041556,-2.3133044,284.59253,20.128426
22-01-2025 23:30,1013.3401,-0.8652774,-2.1410546,284.03387,19.643639
23-01-2025 00:30,1013.7062,-0.67084587,-1.9587703,283.386,18.99729
23-01-2025 01:30,1014.353,-0.2811423,-1.8989946,283.07666,18.281286
23-01-2025 02:30,1015.14294,0.20817807,-1.7010183,286.37354,17.574202
23-01-2025 03:30,1015.9373,0.90510046,-2.262255,289.8535,16.602346
23-01-2025 04:30,1016.61163,1.2952042,-2.1782699,294.19797,15.5005665
23-01-2025 05:30,1016.5647,1.4908983,-3.0032034,298.42392,14.446613
23-01-2025 06:30,1015.8869,1.8039906,-3.2915423,300.2838,13.407951
23-01-2025 07:30,1014.9272,2.1821113,-3.426863,300.90594,12.409438
23-01-2025 08:30,1014.05347,2.530315,-3.5348783,300.46347,11.458765
23-01-2025 09:30,1013.6139,2.7520308,-3.6049323,298.84906,10.738214
23-01-2025 10:30,1013.6344,2.687231,-3.5290918,296.1541,10.2270155
23-01-2025 11:30,1013.9193,1.8072621,-2.389323,290.7911,9.757283
23-01-2025 12:30,1014.4378,2.0849137,-2.7500048,286.77542,9.352913
23-01-2025 13:30,1015.22406,2.1118774,-2.7777643,285.79688,9.04791
23-01-2025 14:30,1015.9143,2.1098654,-2.7235925,284.886,8.840035
23-01-2025 15:30,1016.2545,2.1893744,-2.6256576,284.08777,8.763004
23-01-2025 16:30,1016.315,2.3468313,-2.4779513,283.4332,8.748125
23-01-2025 17:30,1016.33453,2.494947,-2.3284388,282.82404,8.707129
23-01-2025 18:30,1016.2484,2.604684,-2.2386127,282.25046,8.644747
23-01-2025 19:30,1016.0226,2.6587,-2.203936,281.6965,8.570574
23-01-2025 20:30,1015.5639,2.6807942,-2.1640265,281.1389,8.469686
23-01-2025 21:30,1014.9892,2.6740842,-2.0818532,280.57797,8.303707
23-01-2025 22:30,1014.4983,2.6907394,-1.9539634,280.05008,8.051488
23-01-2025 23:30,1014.3127,2.7362862,-1.8066776,279.55338,7.728954
24-01-2025 00:30,1014.5525,2.77847,-1.6397946,279.07327,7.367105
24-01-2025 01:30,1015.0746,2.9046366,-1.4238135,278.9522,7.012675
24-01-2025 02:30,1015.7614,4.2092104,-1.6496947,282.83777,6.737406
24-01-2025 03:30,1016.5611,4.014531,-1.0523621,287.29346,6.650117
24-01-2025 04:30,1017.3253,3.694505,-1.056379,292.83038,6.7033415
24-01-2025 05:30,1017.41077,4.7498226,-3.9678764,297.31836,6.7489877
24-01-2025 06:30,1016.8061,4.459675,-4.2128296,299.20978,6.758374
24-01-2025 07:30,1015.8694,4.145747,-4.3030596,299.90005,6.745137
24-01-2025 08:30,1015.03046,3.9133914,-4.439615,299.51352,6.6628
24-01-2025 09:30,1014.50507,3.6507275,-4.384922,297.90024,6.510511
24-01-2025 10:30,1014.27673,3.165831,-3.8336427,295.33337,6.312954
24-01-2025 11:30,1014.3172,2.1330376,-2.110777,289.52042,6.130336
24-01-2025 12:30,1014.6358,2.7661486,-2.0253258,285.05322,6.005259
24-01-2025 13:30,1015.2506,3.0862272,-1.6998692,284.04727,5.9521623
24-01-2025 14:30,1015.6287,3.2829008,-1.417746,283.23175,5.958248
24-01-2025 15:30,1015.6511,3.4059582,-1.2837312,282.57874,5.9831085
24-01-2025 16:30,1015.4925,3.4658139,-1.2444816,282.0528,5.9535933
24-01-2025 17:30,1015.20935,3.4978487,-1.2124354,281.55237,5.8468513
24-01-2025 18:30,1014.8125,3.5267153,-1.2109078,281.06927,5.7084613
24-01-2025 19:30,1014.41565,3.5537164,-1.192716,280.56723,5.521313
24-01-2025 20:30,1014.0814,3.6198807,-1.1988512,280.10568,5.3161774
24-01-2025 21:30,1013.84705,3.6547353,-1.2216685,279.61456,5.159
24-01-2025 22:30,1013.60736,3.6317174,-1.201609,279.04938,5.0343285
24-01-2025 23:30,1013.6195,3.6311052,-1.1789099,278.5321,4.9216037
25-01-2025 00:30,1014.03705,3.6476643,-1.1485366,278.06848,4.7919817
25-01-2025 01:30,1014.70654,3.6469164,-1.084559,277.9089,4.6414676
25-01-2025 02:30,1015.4126,4.76417,-1.2646694,281.91446,4.5196304
25-01-2025 03:30,1016.0568,4.2765565,-0.8168755,286.54712,4.445383
25-01-2025 04:30,1016.5087,3.514884,-0.43061018,292.0852,4.370264
25-01-2025 05:30,1016.427,4.546975,-2.6246586,297.11792,4.28892
25-01-2025 06:30,1015.70953,4.626748,-2.9274008,299.51187,4.249132
25-01-2025 07:30,1014.6447,4.3608494,-2.796746,300.52127,4.2346463
25-01-2025 08:30,1013.7347,4.152708,-2.727609,300.30695,4.243202
25-01-2025 09:30,1013.1425,3.932455,-2.626566,298.69202,4.221796
25-01-2025 10:30,1012.8173,3.314056,-2.1445267,295.75537,4.1527724
25-01-2025 11:30,1012.79315,2.3967183,-1.2740498,289.10437,4.026324
25-01-2025 12:30,1013.14404,3.0169902,-1.2937429,284.02832,3.8585293
25-01-2025 13:30,1013.9266,3.2731068,-1.1265924,282.85532,3.7062373
25-01-2025 14:30,1014.67554,3.5145917,-0.915537,281.91428,3.5747738
25-01-2025 15:30,1015.03357,3.7284791,-0.761708,281.15448,3.4674425
25-01-2025 16:30,1014.9994,3.8509626,-0.72299445,280.5337,3.3620667
25-01-2025 17:30,1014.8002,3.8801644,-0.8290604,279.94196,3.240563
25-01-2025 18:30,1014.52454,3.8320296,-1.0425866,279.35388,3.106687
25-01-2025 19:30,1014.19366,3.7116315,-1.265025,278.68243,2.9724271
25-01-2025 20:30,1013.64453,3.5391588,-1.422975,277.8839,2.847059
25-01-2025 21:30,1013.16626,3.405989,-1.4998,277.136,2.7445621
25-01-2025 22:30,1012.96124,3.343503,-1.4614154,276.48035,2.6796255
25-01-2025 23:30,1013.08014,3.3537488,-1.2672857,275.87253,2.6591563
26-01-2025 00:30,1013.5803,3.4206746,-0.9828653,275.3711,2.6606255
26-01-2025 01:30,1014.31445,3.486414,-0.69433504,275.38892,2.6843047
26-01-2025 02:30,1015.09143,3.9788604,-0.49557805,280.7398,2.730545
26-01-2025 03:30,1015.77795,4.22872,-0.18350738,285.84354,2.799686
26-01-2025 04:30,1016.22076,2.9934025,0.23904032,291.4055,2.8861275
26-01-2025 05:30,1016.10376,3.4210978,-0.9377565,296.65814,2.9960032
26-01-2025 06:30,1015.34125,3.8979936,-2.1608534,299.56085,3.1461751
26-01-2025 07:30,1014.22156,3.6499512,-2.5351477,300.54974,3.3032303
26-01-2025 08:30,1013.28705,3.3944252,-2.756108,300.2439,3.448079
26-01-2025 09:30,1012.6311,3.1132827,-2.805668,298.46875,3.5542548
26-01-2025 10:30,1012.28265,2.3017716,-2.2303884,295.42902,3.6080396
26-01-2025 11:30,1012.20404,1.7400924,-1.7401209,288.4584,3.5802352
26-01-2025 12:30,1012.37,1.9300988,-1.8247951,283.36136,3.4999475
26-01-2025 13:30,1012.9147,1.9892309,-1.6474996,282.11542,3.403235
26-01-2025 14:30,1013.5547,2.1190994,-1.4562768,281.08347,3.308907
26-01-2025 15:30,1013.9363,2.3092396,-1.3307236,280.20184,3.254645
26-01-2025 16:30,1014.0593,2.5078409,-1.2392821,279.444,3.238384
26-01-2025 17:30,1014.0128,2.6984155,-1.1319964,278.77295,3.236691
26-01-2025 18:30,1013.8539,2.8592927,-1.0265675,278.1676,3.2387955
26-01-2025 19:30,1013.5767,2.972719,-0.8935085,277.60294,3.2276576
26-01-2025 20:30,1013.0469,3.070734,-0.8092025,277.08817,3.2084217
26-01-2025 21:30,1012.47156,3.0934348,-0.88596594,276.6023,3.16983
26-01-2025 22:30,1012.1044,3.0640001,-1.0544288,276.12762,3.1238134
26-01-2025 23:30,1012.1194,3.039042,-1.2215773,275.687,3.0809417
27-01-2025 00:30,1012.5684,3.0442066,-1.3017201,275.27103,3.0318286
27-01-2025 01:30,1013.238,3.0723505,-1.2917366,275.2783,2.9716702
27-01-2025 02:30,1013.8652,2.678876,-1.0568824,281.0412,2.9086742
27-01-2025 03:30,1014.4409,3.5090885,-1.1930954,286.95117,2.8908324
27-01-2025 04:30,1014.8592,2.5786772,-0.5431403,292.15082,2.9317853
27-01-2025 05:30,1014.7351,3.108805,-1.3698367,297.17395,3.038493
27-01-2025 06:30,1013.9975,3.6264293,-2.0923734,299.44296,3.2082305
27-01-2025 07:30,1012.89594,3.6519191,-2.2498658,300.34396,3.395953
27-01-2025 08:30,1011.98584,3.6517332,-2.4566998,300.01746,3.5585582
27-01-2025 09:30,1011.33966,3.4983935,-2.6866744,298.12607,3.7068243
27-01-2025 10:30,1010.85205,2.526997,-2.2144604,295.08197,3.8244903
27-01-2025 11:30,1010.59143,2.0782561,-1.9130435,288.27835,3.874452
27-01-2025 12:30,1010.66833,2.4710808,-2.1255286,283.55728,3.8945029
27-01-2025 13:30,1011.17206,2.6253345,-1.9773884,282.43564,3.9139473
27-01-2025 14:30,1011.66565,2.792058,-1.7868326,281.52875,3.9412615
27-01-2025 15:30,1011.83185,3.015773,-1.5950716,280.7893,3.9136639
27-01-2025 16:30,1011.8068,3.2171764,-1.4778914,280.13223,3.8355582
27-01-2025 17:30,1011.74,3.3657167,-1.461853,279.57925,3.7399442
27-01-2025 18:30,1011.59424,3.467443,-1.4895759,279.0878,3.6159096
27-01-2025 19:30,1011.3942,3.510653,-1.4914377,278.5863,3.4764376
27-01-2025 20:30,1011.1072,3.5261877,-1.4427184,278.07825,3.346422
27-01-2025 21:30,1010.7264,3.508728,-1.3341357,277.51114,3.2321126
27-01-2025 22:30,1010.36346,3.4818537,-1.2099912,276.9323,3.1408823
27-01-2025 23:30,1010.3614,3.467201,-1.0843043,276.3976,3.076117
28-01-2025 00:30,1010.84607,3.475985,-0.8921366,275.92108,3.038388
28-01-2025 01:30,1011.6149,3.4853332,-0.61571246,275.93716,3.023553
28-01-2025 02:30,1012.44055,3.233586,-0.30487078,281.734,3.0308177
28-01-2025 03:30,1013.29944,3.8387902,-0.1685524,287.50305,3.1653147
28-01-2025 04:30,1013.95135,2.4690747,0.01779139,293.11206,3.423223
28-01-2025 05:30,1014.00366,2.9657125,-1.0499873,298.3954,3.760511
28-01-2025 06:30,1013.40936,2.8496459,-1.581671,300.6408,4.1778135
28-01-2025 07:30,1012.3727,2.3093238,-1.7304138,301.78183,4.614765
28-01-2025 08:30,1011.2961,1.7366804,-1.6522144,301.63425,5.0631146
28-01-2025 09:30,1010.6409,1.5495495,-1.5888526,299.75565,5.4614077
28-01-2025 10:30,1010.45197,1.2158737,-1.3428841,296.6318,5.7421746
28-01-2025 11:30,1010.2746,0.58496153,-1.1612773,289.5386,5.894087
28-01-2025 12:30,1010.61273,0.056631684,-1.0587722,284.36044,6.0383096
28-01-2025 13:30,1011.4671,-0.5848702,-0.7313832,283.1034,6.1395664
28-01-2025 14:30,1012.3787,-1.1946883,-0.24717176,282.0979,6.272562
28-01-2025 15:30,1012.9726,-1.6523207,0.26307434,281.2692,6.489615
28-01-2025 16:30,1013.07104,-2.185055,0.73115283,280.63385,6.529412
28-01-2025 17:30,1013.02716,-2.5021706,1.0915747,280.0606,6.3611617
28-01-2025 18:30,1013.04126,-2.4844718,1.4129522,279.48828,6.267821
28-01-2025 19:30,1013.0514,-2.4966464,1.5005095,278.99667,6.5193744
28-01-2025 20:30,1012.96423,-2.637138,1.3466983,278.59595,7.3225684
28-01-2025 21:30,1012.89374,-2.6971178,1.1714916,278.29626,8.805585
28-01-2025 22:30,1012.91797,-2.586588,1.2571155,278.07858,10.049619
28-01-2025 23:30,1013.1329,-2.4014204,1.569263,277.84796,10.604315
29-01-2025 00:30,1013.652,-2.2346435,1.9047923,277.8683,10.894912
29-01-2025 01:30,1014.34454,-2.0814595,2.2489688,277.82843,10.755469
29-01-2025 02:30,1015.0611,-1.7661542,2.377875,282.9151,10.416431
29-01-2025 03:30,1015.67725,-2.127101,3.063283,287.52527,10.075978
29-01-2025 04:30,1016.0397,-1.9444376,2.3889415,292.64282,9.686852
29-01-2025 05:30,1015.79694,-2.288117,3.6402082,297.3028,9.517524
29-01-2025 06:30,1014.9244,-2.1767383,4.2974143,300.44028,9.380709
29-01-2025 07:30,1013.7288,-1.7171348,4.1097546,301.95834,9.313772
29-01-2025 08:30,1012.6985,-1.3982633,3.787655,302.05872,9.39915
29-01-2025 09:30,1011.96124,-1.4301983,3.3996038,299.94855,9.712636
29-01-2025 10:30,1011.56396,-1.5345693,2.2442389,296.92975,10.018079
29-01-2025 11:30,1011.4852,-2.3540163,1.7522211,290.67593,10.211784
29-01-2025 12:30,1011.75885,-3.1790376,1.9702575,286.8801,10.364636
29-01-2025 13:30,1012.3775,-3.3313656,2.0254107,286.18735,10.413979
29-01-2025 14:30,1012.96643,-3.3374743,2.0850034,285.5236,10.284242
29-01-2025 15:30,1013.23096,-3.1985471,2.2289968,284.77716,10.080588
29-01-2025 16:30,1013.1944,-2.9112742,2.4649682,283.9429,9.851329
29-01-2025 17:30,1012.9,-2.561167,2.6857204,283.10645,9.627302
29-01-2025 18:30,1012.47595,-2.1405377,2.8566313,282.24646,9.444507
29-01-2025 19:30,1012.0544,-1.6253028,2.983382,281.39362,9.343869
29-01-2025 20:30,1011.51373,-1.0906038,3.0037682,280.56293,9.313667
29-01-2025 21:30,1011.003,-0.73191094,2.859153,279.7149,9.348408
29-01-2025 22:30,1010.59235,-0.6348951,2.586026,279.00586,9.416741
29-01-2025 23:30,1010.47675,-0.71409535,2.278512,278.38138,9.460213
30-01-2025 00:30,1010.84296,-0.84421706,2.0648901,277.86246,9.507297
30-01-2025 01:30,1011.53424,-0.93416643,1.9945314,277.9253,9.583832
30-01-2025 02:30,1012.2431,-1.0040388,2.0330775,283.09683,9.662917
30-01-2025 03:30,1012.71765,-1.2590303,2.0812068,288.05786,9.758089
30-01-2025 04:30,1012.87616,-1.467958,2.1921778,293.28027,9.879463
30-01-2025 05:30,1012.4614,-1.5042256,3.6056092,297.62628,10.066843
30-01-2025 06:30,1011.55334,-1.3348947,4.1392975,300.399,10.3912945
30-01-2025 07:30,1010.315,-1.0896401,3.7518268,301.798,10.844161
30-01-2025 08:30,1009.20374,-0.89998114,3.247023,301.83344,11.346207
30-01-2025 09:30,1008.3689,-0.7523562,2.6363933,300.74066,11.66942
30-01-2025 10:30,1007.8049,-0.74724734,1.6675124,298.04364,11.6943865
30-01-2025 11:30,1007.48517,-1.3646615,0.6692912,291.79376,11.493829
30-01-2025 12:30,1007.54767,-2.1320822,0.46265858,287.0694,11.193752
30-01-2025 13:30,1008.11554,-2.3317823,0.7027472,286.00577,10.8604765
30-01-2025 14:30,1008.89014,-2.120587,1.2175204,285.04965,10.588926
30-01-2025 15:30,1009.51263,-1.4875654,1.7438291,284.10675,10.432361
30-01-2025 16:30,1009.835,-0.738417,1.8743973,283.21725,10.228341
30-01-2025 17:30,1009.9112,-0.26962805,1.397732,282.34473,9.923842
30-01-2025 18:30,1009.7569,-0.16695452,0.5755694,281.50177,9.630568
30-01-2025 19:30,1009.5736,-0.33400208,-0.29462224,280.80475,9.461718
30-01-2025 20:30,1009.26514,-0.6378995,-0.87361205,280.32333,9.453766
30-01-2025 21:30,1009.03656,-0.9405087,-1.002043,279.90286,9.555968
30-01-2025 22:30,1008.8848,-1.2326555,-0.8336563,279.46783,9.6551075
30-01-2025 23:30,1008.89764,-1.4611461,-0.39767963,279.0629,9.743158
31-01-2025 00:30,1009.23016,-1.5546329,0.22607708,278.70087,9.832065
31-01-2025 01:30,1009.8158,-1.4157162,0.8662836,278.8226,9.866831
31-01-2025 02:30,1010.5243,-0.9753635,1.1524487,284.08826,9.850857
31-01-2025 03:30,1011.25806,-0.9863533,1.538338,289.15247,9.842745
31-01-2025 04:30,1011.9148,-0.8441379,1.2159053,293.99176,9.946114
31-01-2025 05:30,1012.14026,0.11735446,1.5965669,299.52188,10.196425
31-01-2025 06:30,1011.7109,1.2226859,1.8082829,302.0929,10.509672
31-01-2025 07:30,1010.74146,1.6809697,1.7073536,302.88272,10.838173
31-01-2025 08:30,1009.66547,1.6562135,1.5149536,302.57266,11.18012
31-01-2025 09:30,1008.87573,1.271916,1.4100823,300.6812,11.567435
31-01-2025 10:30,1008.46716,0.5700898,1.1474133,297.9574,11.999928
31-01-2025 11:30,1008.43195,-0.31663418,0.6677778,291.88266,12.432542
31-01-2025 12:30,1008.8031,-1.1993439,0.5378336,287.32022,12.812764
31-01-2025 13:30,1009.6392,-1.7726591,0.8562206,286.3576,13.130801
31-01-2025 14:30,1010.4428,-2.092814,1.280736,285.62125,13.348588
31-01-2025 15:30,1011.03235,-2.1156452,1.563988,284.89996,13.383722
31-01-2025 16:30,1011.2754,-2.0495305,1.6875607,284.15952,13.298278
31-01-2025 17:30,1011.2617,-1.9780452,1.7341633,283.43295,13.172848
31-01-2025 18:30,1011.108,-1.9365776,1.759201,282.7533,12.96516
31-01-2025 19:30,1010.95404,-1.8841419,1.7885021,282.12503,12.702427
31-01-2025 20:30,1010.76483,-1.7663195,1.7987511,281.52148,12.461513
31-01-2025 21:30,1010.6174,-1.6740987,1.6827095,280.9462,12.442376
31-01-2025 22:30,1010.5527,-1.6590413,1.4492052,280.464,12.601533
31-01-2025 23:30,1010.6973,-1.715375,1.2200142,280.0504,12.78047
01-02-2025 00:30,1011.192,-1.7835673,1.087132,279.70917,12.942274
01-02-2025 01:30,1011.9496,-1.7866426,1.0416341,279.87653,13.0447855
01-02-2025 02:30,1012.8787,-1.5450193,0.9897631,285.15958,13.126091
01-02-2025 03:30,1013.90765,-1.4987165,1.3114007,290.23788,13.311609
01-02-2025 04:30,1014.78815,-1.2831628,1.5314087,295.33875,13.611836
01-02-2025 05:30,1014.988,-2.3022356,2.9438386,299.74734,13.984282
01-02-2025 06:30,1014.5522,-2.200686,3.2459219,301.10132,14.329628
01-02-2025 07:30,1013.6339,-1.7590419,3.0735035,301.7997,14.645561
01-02-2025 08:30,1012.71533,-1.3528781,2.7728133,301.43506,14.959348
01-02-2025 09:30,1012.0778,-1.2824354,2.2784727,299.68704,15.177867
01-02-2025 10:30,1011.74304,-1.2500842,1.3976187,297.01276,15.336922
01-02-2025 11:30,1011.64343,-1.4219208,0.5760338,291.68973,15.452705
01-02-2025 12:30,1011.88617,-1.8599141,0.039285243,287.90952,15.544195
01-02-2025 13:30,1012.57764,-2.046141,-0.46306252,287.0564,15.635781
01-02-2025 14:30,1013.4186,-2.0723133,-0.9913256,286.3602,15.755446
01-02-2025 15:30,1014.02423,-1.86259,-1.5187607,285.73495,15.825582
01-02-2025 16:30,1014.2517,-1.5432503,-2.0719175,285.16666,15.777218
01-02-2025 17:30,1014.21814,-1.265594,-2.577459,284.68433,15.636893
01-02-2025 18:30,1014.0201,-1.0754013,-2.858705,284.22055,15.458516
01-02-2025 19:30,1013.7954,-0.9741881,-2.8980367,283.67365,15.239722
01-02-2025 20:30,1013.4638,-0.92113614,-2.8114333,283.03516,14.925216
01-02-2025 21:30,1013.14124,-0.78887105,-2.7095199,282.41394,14.525335
01-02-2025 22:30,1012.9928,-0.5364163,-2.6268415,281.80246,14.12099
01-02-2025 23:30,1013.15515,-0.2041719,-2.542142,281.28046,13.738125
02-02-2025 00:30,1013.69653,0.18215615,-2.4432971,280.84668,13.353017
02-02-2025 01:30,1014.4922,0.6173673,-2.2761998,280.89038,13.023773
02-02-2025 02:30,1015.373,1.0723433,-2.0305805,285.16376,12.7304125
02-02-2025 03:30,1016.229,1.5681096,-2.0027902,289.80905,12.524066
02-02-2025 04:30,1016.85626,1.5098314,-1.5811844,294.9929,12.420478
02-02-2025 05:30,1016.9625,1.2620373,-1.6696074,300.04453,12.396519
02-02-2025 06:30,1016.41376,1.311817,-1.3735737,302.45142,12.355384
02-02-2025 07:30,1015.3425,1.4003558,-1.2626362,303.23218,12.296287
02-02-2025 08:30,1014.2286,1.5397044,-1.3960879,302.66388,12.236172
02-02-2025 09:30,1013.4894,1.7228047,-1.69679,300.5169,12.10842
02-02-2025 10:30,1013.12006,1.7274559,-1.9902241,297.51392,11.884433
02-02-2025 11:30,1013.08,1.3764528,-1.6989632,292.19937,11.636696
02-02-2025 12:30,1013.4813,1.844907,-2.2677708,288.02557,11.409731
02-02-2025 13:30,1014.2802,2.0056317,-2.5313816,287.15894,11.170735
02-02-2025 14:30,1015.0616,2.0321672,-2.6514122,286.4844,10.888279
02-02-2025 15:30,1015.4945,2.0000646,-2.6850846,285.75256,10.651364
02-02-2025 16:30,1015.5439,1.9252434,-2.6738963,284.99014,10.424049
02-02-2025 17:30,1015.3325,1.8068867,-2.6739388,284.22327,10.142012
02-02-2025 18:30,1014.9526,1.6453023,-2.7056296,283.47772,9.816259
02-02-2025 19:30,1014.4983,1.4709281,-2.7327318,282.7663,9.523739
02-02-2025 20:30,1013.9744,1.2761939,-2.7496974,282.0977,9.31635
02-02-2025 21:30,1013.4747,1.012751,-2.7746317,281.49005,9.136357
02-02-2025 22:30,1013.14294,0.7315332,-2.776709,280.9206,8.937059
02-02-2025 23:30,1013.15216,0.5245114,-2.7145264,280.38593,8.751723
03-02-2025 00:30,1013.5608,0.42542154,-2.539159,279.8721,8.595956
03-02-2025 01:30,1014.1205,0.44370717,-2.2221904,279.90405,8.488081
03-02-2025 02:30,1014.7547,0.48358643,-1.7376328,285.09808,8.469013
03-02-2025 03:30,1015.2391,0.4451875,-1.4582369,290.30652,8.5873165
03-02-2025 04:30,1015.39685,0.06017174,-0.8546208,295.96182,9.000078
03-02-2025 05:30,1015.20764,1.2893558,-0.2693646,300.60095,9.998788
03-02-2025 06:30,1014.91876,2.6555457,0.46255028,302.391,11.546824
03-02-2025 07:30,1014.397,3.1068087,0.65489846,303.08298,13.107017
03-02-2025 08:30,1013.51904,2.7505088,0.6754739,303.00165,14.242047
03-02-2025 09:30,1012.75586,2.1044676,0.5396782,301.47565,14.686895
03-02-2025 10:30,1012.4279,1.3863788,0.15914649,298.75656,14.818753
03-02-2025 11:30,1012.4252,0.14304036,-0.51665413,293.24457,15.046624
03-02-2025 12:30,1012.7315,-1.0940423,-1.0524495,288.29187,15.538292
03-02-2025 13:30,1013.3856,-2.0633376,-1.0047585,287.28705,16.169485
03-02-2025 14:30,1014.0633,-2.657741,-0.6820674,286.56818,16.569181
03-02-2025 15:30,1014.53534,-2.9937127,-0.3356235,285.9327,16.940699
03-02-2025 16:30,1014.58905,-3.187848,-0.14223003,285.4551,17.519743
03-02-2025 17:30,1014.3906,-3.264339,-0.1914537,285.03436,18.33548
03-02-2025 18:30,1014.0803,-3.2686315,-0.27765656,284.64285,19.175932
03-02-2025 19:30,1013.7114,-3.2385511,-0.23027146,284.26807,20.240488
03-02-2025 20:30,1013.3379,-3.085446,-0.11271632,284.0736,21.509249
03-02-2025 21:30,1013.23126,-2.6439152,-0.06815827,284.88458,22.784004
03-02-2025 22:30,1013.44904,-2.0988054,-0.11124444,285.67212,24.0648
03-02-2025 23:30,1013.9026,-1.657834,-0.23524559,285.72696,25.34284
04-02-2025 00:30,1014.4243,-1.4971478,-0.2662813,285.71088,26.168455
04-02-2025 01:30,1014.7739,-1.7149903,-0.16564792,285.8134,25.924303
04-02-2025 02:30,1015.03687,-1.8064382,0.053496793,288.06674,25.367968
04-02-2025 03:30,1015.46075,-2.3573523,0.5344869,290.99765,24.891829
04-02-2025 04:30,1015.89166,-1.9174186,1.095566,294.28824,24.45657
04-02-2025 05:30,1015.9763,-1.8997382,2.1949658,297.2549,24.016111
04-02-2025 06:30,1015.581,-1.3319273,2.7371542,298.3786,23.48534
04-02-2025 07:30,1014.7903,-0.37617493,2.5867925,298.72467,22.910244
04-02-2025 08:30,1014.063,0.8338499,2.267266,298.24194,22.555168
04-02-2025 09:30,1013.3988,1.5823704,1.388169,297.25073,22.246721
04-02-2025 10:30,1012.85486,1.5127282,0.34617427,295.7553,21.989367
04-02-2025 11:30,1012.5519,1.3384156,-0.65519136,292.68845,21.618834
04-02-2025 12:30,1012.46295,0.93354046,-1.6183604,290.26978,20.764294
04-02-2025 13:30,1012.6604,0.003396988,-2.0710778,289.12628,19.351194
04-02-2025 14:30,1012.8755,-0.70451,-2.1259978,287.3766,17.917282
04-02-2025 15:30,1013.09015,-0.9860047,-1.9068378,285.86435,16.935448
04-02-2025 16:30,1013.2991,-0.8016802,-1.6424457,284.98102,16.231981
04-02-2025 17:30,1013.4886,-0.27559352,-1.451549,284.15375,15.565467
04-02-2025 18:30,1013.61633,0.59982204,-1.3339884,283.40436,14.845935
04-02-2025 19:30,1013.7225,1.6295875,-1.3922799,282.83676,14.115255
04-02-2025 20:30,1013.7534,2.3659897,-1.5491099,282.47754,13.38128
04-02-2025 21:30,1013.5782,2.536899,-1.6915952,282.10388,12.386977
04-02-2025 22:30,1013.3605,2.555348,-1.8650275,281.52502,11.1297035
04-02-2025 23:30,1013.4328,2.599866,-1.9600245,280.8213,9.679476
05-02-2025 00:30,1013.9308,2.7114818,-1.9999849,280.10754,8.285394
05-02-2025 01:30,1014.7431,2.9317157,-2.0249596,279.9505,7.1923666
05-02-2025 02:30,1015.5572,4.0681906,-2.5489626,283.47638,6.438435
05-02-2025 03:30,1016.28394,3.5709717,-1.7648671,287.98206,6.072754
05-02-2025 04:30,1016.8561,3.336546,-1.5914522,293.724,5.9036922
05-02-2025 05:30,1017.04596,4.8070087,-4.1487036,297.55438,5.8532667
05-02-2025 06:30,1016.71533,4.730972,-3.6047277,299.42084,5.9197025
05-02-2025 07:30,1015.83484,4.581631,-3.4527364,300.13522,6.0264144
05-02-2025 08:30,1014.891,4.3001204,-3.5582004,299.82672,6.1135664
05-02-2025 09:30,1014.344,4.088311,-3.5123506,298.31042,6.220006
05-02-2025 10:30,1014.20514,3.7007277,-3.177452,295.72864,6.3050485
05-02-2025 11:30,1014.3636,2.1569047,-1.8275663,290.29095,6.338597
05-02-2025 12:30,1014.8204,2.3006535,-1.9272462,284.87576,6.3183646
05-02-2025 13:30,1015.7781,2.2581022,-1.9037682,283.62265,6.31231
05-02-2025 14:30,1016.8176,2.1616304,-1.9419086,282.67767,6.326319
05-02-2025 15:30,1017.38403,2.0466194,-2.1867683,281.8997,6.321231
05-02-2025 16:30,1017.53345,1.9310453,-2.4921012,281.29797,6.3212147
05-02-2025 17:30,1017.44995,1.7476864,-2.7911642,280.7988,6.3571897
05-02-2025 18:30,1017.1301,1.4596727,-3.0962534,280.3974,6.386128
05-02-2025 19:30,1016.7403,1.1289346,-3.3190458,280.05615,6.393295
05-02-2025 20:30,1016.2825,0.8533926,-3.4162836,279.71518,6.383923
05-02-2025 21:30,1016.00146,0.6994611,-3.3755937,279.27042,6.3911433
05-02-2025 22:30,1015.91675,0.655992,-3.2778563,278.7547,6.3807163
05-02-2025 23:30,1016.136,0.7316856,-3.1670885,278.26517,6.324754
06-02-2025 00:30,1016.64526,0.9016853,-3.023656,277.79614,6.2097178
06-02-2025 01:30,1017.31537,1.1745065,-2.7526975,277.96518,6.0245657
06-02-2025 02:30,1018.0539,1.6491956,-2.4108634,283.55975,5.80264
06-02-2025 03:30,1018.6973,2.2261052,-1.9605956,288.6232,5.617428
06-02-2025 04:30,1019.2011,2.5113556,-1.9345233,294.1167,5.508961
06-02-2025 05:30,1019.2417,3.5794497,-4.3584347,297.66623,5.493974
06-02-2025 06:30,1018.6241,3.9772043,-4.3589644,299.36148,5.525701
06-02-2025 07:30,1017.5188,4.033575,-4.326644,300.02237,5.5500135
06-02-2025 08:30,1016.47107,3.9829898,-4.444645,299.60196,5.5799503
06-02-2025 09:30,1015.9149,3.9945054,-4.5243883,298.01227,5.6567135
06-02-2025 10:30,1015.5556,3.8056817,-4.2696805,295.5053,5.7282553
06-02-2025 11:30,1015.41266,2.4364781,-2.5749826,290.3325,5.7223625
06-02-2025 12:30,1015.64966,2.579062,-2.4635165,285.27692,5.648901
06-02-2025 13:30,1016.0357,2.6422992,-2.521018,284.1696,5.519828
06-02-2025 14:30,1016.5492,2.669394,-2.51177,283.27478,5.420838
06-02-2025 15:30,1017.2633,2.9216144,-2.4561362,282.6873,5.498834
06-02-2025 16:30,1017.8081,3.122437,-2.5879893,282.3358,5.681217
06-02-2025 17:30,1017.91547,3.1015015,-2.8234081,281.91287,5.8063
06-02-2025 18:30,1017.7505,3.0189795,-2.8885908,281.3696,5.8604493
06-02-2025 19:30,1017.5034,3.0282419,-2.8144104,280.8395,5.9114985
06-02-2025 20:30,1017.0598,3.0516167,-2.7300348,280.34915,5.9233727
06-02-2025 21:30,1016.54297,2.9916332,-2.59422,279.78738,5.862166
06-02-2025 22:30,1016.11945,2.9207547,-2.4600785,279.211,5.7681756
06-02-2025 23:30,1015.9361,2.849195,-2.2615843,278.6192,5.677274
07-02-2025 00:30,1016.1227,2.9058928,-2.067451,278.16187,5.586426
07-02-2025 01:30,1016.4853,3.0034614,-1.8278321,278.33167,5.509532
07-02-2025 02:30,1017.123,4.452997,-1.9339945,282.9823,5.4224205
07-02-2025 03:30,1017.8378,4.456134,-0.9827578,287.9002,5.4681067
07-02-2025 04:30,1018.17084,4.415783,-1.2079235,293.60834,5.587689
07-02-2025 05:30,1017.86584,5.4357243,-3.7890534,297.3997,5.853649
07-02-2025 06:30,1017.175,5.447933,-3.5472867,299.36478,6.1653967
07-02-2025 07:30,1016.293,5.519621,-3.3149037,300.2633,6.593757
07-02-2025 08:30,1015.5133,5.546151,-3.212267,300.064,7.1209836
07-02-2025 09:30,1014.91907,5.4334087,-3.1539927,298.7614,7.625899
07-02-2025 10:30,1014.54016,5.0536776,-2.9736125,296.4579,7.993611
07-02-2025 11:30,1014.4341,3.1063867,-1.7692378,291.13406,8.104512
07-02-2025 12:30,1014.6077,3.2408676,-1.7083783,285.7717,8.05211
07-02-2025 13:30,1015.1199,3.3747218,-1.7373092,284.76245,7.998291
07-02-2025 14:30,1015.65704,3.309091,-1.8396789,283.992,8.025217
07-02-2025 15:30,1015.8137,3.1325188,-1.8287729,284.31308,7.8752327
07-02-2025 16:30,1015.76624,3.1261292,-1.7782137,282.6413,7.7141986
07-02-2025 17:30,1015.7512,3.220918,-1.6411009,281.74472,7.7235312
07-02-2025 18:30,1015.6097,3.2239437,-1.6537721,281.07434,7.9414754
07-02-2025 19:30,1015.2583,3.1474838,-1.6869175,280.6662,8.381177
07-02-2025 20:30,1014.8714,3.241024,-1.5407963,280.1,9.045792
07-02-2025 21:30,1014.3209,3.2141647,-1.586114,279.7848,9.815812
07-02-2025 22:30,1013.89655,3.167493,-1.6600509,279.6002,10.659801
07-02-2025 23:30,1014.00415,3.2653563,-1.6407379,280.1715,11.452825
08-02-2025 00:30,1014.2562,3.0095363,-1.6491323,280.2599,12.038863
08-02-2025 01:30,1014.7628,3.0142922,-1.641957,279.68652,11.980594
08-02-2025 02:30,1015.7006,4.1849957,-2.2144794,284.60727,12.117585
08-02-2025 03:30,1016.281,3.4944358,-1.8760463,289.47113,12.0707035
08-02-2025 04:30,1016.6448,2.9628117,-1.9259704,294.69415,11.656689
08-02-2025 05:30,1016.5975,3.5172021,-4.6528625,299.01807,11.218396
08-02-2025 06:30,1015.92,3.3464317,-4.331133,301.97382,11.16721
08-02-2025 07:30,1014.77545,2.9827495,-3.9054925,302.36636,11.276425
08-02-2025 08:30,1013.7901,2.932567,-3.521347,303.02774,11.076615
08-02-2025 09:30,1013.1179,2.942059,-3.2585502,301.77698,10.804034
08-02-2025 10:30,1012.7061,2.7550938,-2.8600128,299.08777,10.625639
08-02-2025 11:30,1012.61334,1.7408472,-1.8164097,292.86462,10.360248
08-02-2025 12:30,1012.83295,1.9681029,-2.1052947,286.83572,10.138893
08-02-2025 13:30,1013.48773,1.9326794,-2.0480335,285.399,9.886609
08-02-2025 14:30,1014.1831,1.8735538,-1.9069493,284.3018,9.73226
08-02-2025 15:30,1014.66296,1.976764,-1.635561,283.37317,9.77868
08-02-2025 16:30,1014.96796,2.1553261,-1.3816739,282.6259,10.05196
08-02-2025 17:30,1015.0105,2.2358737,-1.2660525,281.9889,10.427214
08-02-2025 18:30,1014.72235,2.15193,-1.2959888,281.40497,10.728009
08-02-2025 19:30,1014.3387,1.9108464,-1.389225,280.8189,10.896685
08-02-2025 20:30,1013.94556,1.6059014,-1.4714457,280.28958,11.036909
08-02-2025 21:30,1013.41486,1.2539836,-1.6133543,279.74216,10.847489
08-02-2025 22:30,1012.94916,0.9706681,-1.6713357,279.53662,10.452781
08-02-2025 23:30,1012.9003,0.8643379,-1.5990137,278.80466,10.050365
09-02-2025 00:30,1013.3736,1.0482286,-1.4102798,278.37183,9.66046
09-02-2025 01:30,1014.21936,1.4650788,-1.2139981,278.8628,9.274011
09-02-2025 02:30,1015.1605,1.7761827,-0.9330978,285.67822,9.12452
09-02-2025 03:30,1015.92346,2.169942,-0.7181864,291.15793,9.152734
09-02-2025 04:30,1016.2935,1.6700993,-0.3622664,297.04828,9.25158
09-02-2025 05:30,1016.03955,1.7499242,-1.0579251,302.13763,9.415859
09-02-2025 06:30,1015.0533,1.729368,-0.84882003,304.25958,9.619917
09-02-2025 07:30,1013.8094,1.6423392,-0.5411824,305.27722,9.806263
09-02-2025 08:30,1012.72876,1.5652168,-0.36628565,304.97467,9.901915
09-02-2025 09:30,1011.9514,1.5998677,-0.42931896,303.3371,9.863704
09-02-2025 10:30,1011.5641,1.461718,-0.655348,300.20328,9.744084
09-02-2025 11:30,1011.5673,0.7306364,-1.0649916,293.89148,9.581176
09-02-2025 12:30,1011.7933,-0.028264105,-1.7442551,287.62244,9.350276
09-02-2025 13:30,1012.32153,-0.8547342,-2.000537,286.23483,9.136455
09-02-2025 14:30,1012.89374,-1.4026244,-2.0252686,285.24963,8.948678
09-02-2025 15:30,1013.24023,-1.636622,-1.9422495,284.3255,8.764647
09-02-2025 16:30,1013.3565,-1.6850971,-1.812099,283.45337,8.791338
09-02-2025 17:30,1013.27875,-1.5968654,-1.7049719,282.6734,9.184748
09-02-2025 18:30,1012.97485,-1.5406462,-1.5988644,281.99335,9.999645
09-02-2025 19:30,1012.6239,-1.5049105,-1.4830072,281.4395,11.087649
09-02-2025 20:30,1012.2394,-1.3943617,-1.2885547,281.00565,11.835543
09-02-2025 21:30,1011.91907,-1.0718879,-0.9207018,281.06827,12.075944
09-02-2025 22:30,1011.755,-0.73368454,-0.4572749,280.84625,12.055257
09-02-2025 23:30,1011.9959,-0.29803795,0.08055861,280.32767,11.886591
10-02-2025 00:30,1012.6245,0.26829785,0.62488496,279.44742,11.70672
10-02-2025 01:30,1013.45654,0.7917603,1.2106619,279.9976,11.597701
10-02-2025 02:30,1014.34937,1.1018755,1.4588194,287.08267,11.524215
10-02-2025 03:30,1015.2402,1.4439652,1.898734,292.49707,11.711496
10-02-2025 04:30,1015.7606,1.0923761,1.7468213,298.20923,12.187685
10-02-2025 05:30,1015.6725,1.5113012,1.4941206,303.18036,12.8083935
10-02-2025 06:30,1014.8575,1.6692175,0.6010197,305.7966,13.444686
10-02-2025 07:30,1013.6429,1.7592759,-0.102971435,306.32727,14.088872
10-02-2025 08:30,1012.4412,1.6558309,-0.6151806,305.88013,14.553543
10-02-2025 09:30,1011.64734,1.5340524,-0.9280512,303.80518,14.8378725
10-02-2025 10:30,1011.31104,1.2481459,-1.1091392,301.25043,14.774341
10-02-2025 11:30,1011.3091,0.55289054,-1.4849811,295.35004,14.383323
10-02-2025 12:30,1011.6433,-0.09329522,-2.1832075,289.7478,13.989277
10-02-2025 13:30,1012.3845,-0.71752405,-2.4371638,288.3811,13.592233
10-02-2025 14:30,1013.16437,-1.1310742,-2.478461,287.4093,13.254637
10-02-2025 15:30,1013.5881,-1.2872097,-2.3952014,286.50034,13.017213
10-02-2025 16:30,1013.73016,-1.3747838,-2.3019698,285.65503,12.955134
10-02-2025 17:30,1013.685,-1.5762092,-2.1588712,284.90015,12.866854
10-02-2025 18:30,1013.4015,-1.82764,-1.9287577,284.19757,12.732746
10-02-2025 19:30,1013.0658,-2.0328436,-1.6639006,283.50983,12.615376
10-02-2025 20:30,1012.6655,-2.0850718,-1.3452913,282.82523,12.518831
10-02-2025 21:30,1012.29205,-1.9168639,-0.8644492,282.16296,12.649531
10-02-2025 22:30,1012.08563,-1.4932088,-0.17354935,281.60498,12.937207
10-02-2025 23:30,1012.1718,-0.96606374,0.6478461,281.14642,13.116805
11-02-2025 00:30,1012.5379,-0.36424565,1.4359808,280.8612,13.138101
11-02-2025 01:30,1013.137,0.14257908,2.1172187,281.48785,13.075655
11-02-2025 02:30,1013.8589,0.5427817,2.3957067,287.64743,13.013657
11-02-2025 03:30,1014.5506,0.7854355,2.7821765,292.88214,12.833653
11-02-2025 04:30,1014.83966,0.5878287,2.192949,298.82837,12.610792
11-02-2025 05:30,1014.7647,0.71560204,1.6239862,304.15253,12.556219
11-02-2025 06:30,1014.1105,0.97449124,0.4319483,306.87192,12.567153
11-02-2025 07:30,1012.98413,1.2774844,-0.63594127,307.53543,12.566431
11-02-2025 08:30,1011.9263,1.4540677,-1.5821228,306.66968,12.5502205
11-02-2025 09:30,1011.18353,1.5326474,-2.1174772,304.58322,12.6535015
11-02-2025 10:30,1010.6117,1.299058,-2.2933016,301.59027,12.756529
11-02-2025 11:30,1010.30237,0.36658835,-2.0118976,295.63263,12.750862
11-02-2025 12:30,1010.3797,-0.29935598,-2.6853113,290.1398,12.742092
11-02-2025 13:30,1010.9478,-0.7487469,-2.8814166,288.87567,12.776065
11-02-2025 14:30,1011.6238,-0.92442536,-2.945112,287.96912,12.878228
11-02-2025 15:30,1012.085,-0.9598477,-2.9736733,287.17334,13.154288
11-02-2025 16:30,1012.4866,-0.92423344,-2.987679,286.4937,13.624824
11-02-2025 17:30,1012.7548,-0.92215896,-2.9807868,285.87872,14.133326
11-02-2025 18:30,1012.76544,-1.0097418,-2.925853,285.3133,14.613318
11-02-2025 19:30,1012.62976,-1.1258256,-2.8409164,284.81232,15.043347
11-02-2025 20:30,1012.3253,-1.159384,-2.6516948,285.21277,15.388114
11-02-2025 21:30,1012.0097,-1.0421903,-2.5780067,285.04877,15.453441
11-02-2025 22:30,1011.8656,-0.78983116,-2.6621518,284.36206,15.190773
11-02-2025 23:30,1012.24255,-0.37454772,-2.8294601,283.39337,14.850701
12-02-2025 00:30,1013.0403,0.15686464,-2.8996747,283.0304,14.39504
12-02-2025 01:30,1013.83514,0.5521698,-2.7985713,283.45935,13.652244
12-02-2025 02:30,1014.585,1.0996244,-3.0888968,288.4569,12.729667
12-02-2025 03:30,1015.4665,1.5094311,-2.613076,293.2563,11.97202
12-02-2025 04:30,1016.2576,2.0029783,-2.6162744,298.6262,11.453608
12-02-2025 05:30,1016.34454,3.1343148,-4.329532,301.68274,10.951829
12-02-2025 06:30,1015.83813,3.9803815,-4.4460144,303.4291,10.684031
12-02-2025 07:30,1014.9341,4.4009237,-4.59336,303.7688,10.528972
12-02-2025 08:30,1014.101,4.5714684,-4.7982492,303.14056,10.356587
12-02-2025 09:30,1013.62006,4.694407,-4.849332,301.62256,10.13718
12-02-2025 10:30,1013.36523,4.536112,-4.6294084,299.3069,9.905826
12-02-2025 11:30,1013.45,3.1783793,-3.203721,295.0402,9.725115
12-02-2025 12:30,1013.82935,2.518346,-2.4607754,289.23453,9.434935
12-02-2025 13:30,1014.7658,2.7060838,-2.4800134,287.97208,8.840054
12-02-2025 14:30,1015.521,2.7609918,-2.413491,286.98407,8.061345
12-02-2025 15:30,1015.89655,2.7617679,-2.4564495,286.12903,7.512263
12-02-2025 16:30,1016.13776,2.7572608,-2.6068702,285.48853,7.2163687
12-02-2025 17:30,1016.2075,2.7318277,-2.7922666,284.91885,7.0369506
12-02-2025 18:30,1016.252,2.6844888,-3.0314193,284.41675,6.908871
12-02-2025 19:30,1016.1268,2.5589004,-3.1331706,283.84045,6.7463274
12-02-2025 20:30,1015.66656,2.4070103,-3.0631819,283.11523,6.563104
12-02-2025 21:30,1014.96906,2.3630037,-2.9692366,282.43237,6.3936214
12-02-2025 22:30,1014.38904,2.3803182,-2.8914611,281.8363,6.2508307
12-02-2025 23:30,1014.21643,2.4637885,-2.8542488,281.32648,6.1746745
13-02-2025 00:30,1014.4013,2.5624409,-2.6733572,280.77692,6.1267433
13-02-2025 01:30,1014.8233,2.7815113,-2.5220246,281.17883,6.1049986
13-02-2025 02:30,1015.4405,4.0592937,-2.9981818,285.89255,6.1224856
13-02-2025 03:30,1016.1301,3.8450289,-1.841445,291.2807,6.298345
13-02-2025 04:30,1016.48267,4.093029,-2.4149814,297.33212,6.6930346
13-02-2025 05:30,1016.22534,4.540922,-4.6498213,301.09015,7.161849
13-02-2025 06:30,1015.4891,4.6217847,-4.711849,303.17374,7.649989
13-02-2025 07:30,1014.5734,5.1488733,-4.8771343,303.84875,8.139889
13-02-2025 08:30,1013.6873,5.6527147,-5.136203,303.3254,8.658964
13-02-2025 09:30,1013.15125,5.881241,-5.239552,301.54626,9.220976
13-02-2025 10:30,1012.9739,5.616398,-4.849656,299.18768,9.72054
13-02-2025 11:30,1013.07,3.7097926,-3.0683606,294.6917,10.145989
13-02-2025 12:30,1013.5517,2.8818004,-2.098505,288.4377,10.434817
13-02-2025 13:30,1014.296,3.0839298,-2.0009177,287.1342,10.74723
13-02-2025 14:30,1014.5949,3.0089476,-1.8643024,286.015,10.657366
13-02-2025 15:30,1014.60767,2.9080997,-1.9763899,285.14453,10.418998
13-02-2025 16:30,1014.5653,2.8541524,-2.1299355,284.53076,10.356277
13-02-2025 17:30,1014.5243,2.8090253,-2.2657042,284.0042,10.5590515
13-02-2025 18:30,1014.16156,2.6099236,-2.4132543,283.38684,10.898472
13-02-2025 19:30,1013.65466,2.4427283,-2.4360209,282.72247,11.222137
13-02-2025 20:30,1013.32635,2.4433613,-2.414182,282.22833,11.819161
13-02-2025 21:30,1013.05194,2.3995042,-2.2880995,281.68454,12.361581
13-02-2025 22:30,1012.78143,2.3704295,-2.1073089,281.0765,12.552546
13-02-2025 23:30,1012.8114,2.39677,-1.9485575,280.578,12.602904
14-02-2025 00:30,1013.0212,2.5160904,-1.6172984,280.09802,12.594667
14-02-2025 01:30,1013.3671,2.638421,-1.2011468,280.74255,12.508367
14-02-2025 02:30,1013.8731,3.8332617,-1.0040593,286.26172,12.3010645
14-02-2025 03:30,1014.6116,3.7050068,-0.4234336,291.5555,12.136835
14-02-2025 04:30,1015.0161,3.9375691,-1.509553,297.7477,12.113345
14-02-2025 05:30,1014.8269,4.981295,-3.94076,301.72382,12.125062
14-02-2025 06:30,1014.0397,5.282668,-4.633163,303.80334,12.12509
14-02-2025 07:30,1012.8934,5.461077,-4.972087,304.74377,12.206996
14-02-2025 08:30,1011.78186,5.649063,-5.1026287,304.49142,12.296451
14-02-2025 09:30,1010.9252,5.5686555,-4.7444963,303.16205,12.6475725
14-02-2025 10:30,1010.493,5.083849,-4.1764183,300.87643,13.104187
14-02-2025 11:30,1010.4384,2.9613643,-2.5645568,296.009,13.392876
14-02-2025 12:30,1010.6373,2.4073496,-2.3720675,289.63873,13.876916
14-02-2025 13:30,1011.21344,2.1916914,-2.4128425,288.10773,14.798424
14-02-2025 14:30,1011.8134,1.7745202,-2.3499565,287.088,15.919212
14-02-2025 15:30,1012.10077,1.429661,-2.3295002,286.25446,16.833115
14-02-2025 16:30,1011.8504,0.9408293,-2.3173351,285.5184,17.481384
14-02-2025 17:30,1011.3889,0.5020118,-2.2267172,285.24017,18.05922
14-02-2025 18:30,1010.95557,0.22603256,-2.0478559,284.78897,18.621237
14-02-2025 19:30,1010.4978,0.018726587,-1.78577,284.70053,18.956411
14-02-2025 20:30,1009.8628,-0.040282845,-1.4029964,283.94186,19.205727
14-02-2025 21:30,1009.10315,-0.13374305,-0.80297625,284.60593,19.509947
14-02-2025 22:30,1008.70154,0.049856424,0.008697569,284.4313,19.509718
14-02-2025 23:30,1008.96436,0.43918145,0.62864363,283.84213,19.361181
15-02-2025 00:30,1009.60815,0.64182615,1.0267595,283.15765,19.39236
15-02-2025 01:30,1010.2938,0.52383137,1.5809946,284.07742,19.48603
15-02-2025 02:30,1010.6624,0.017372012,2.1659937,290.1237,19.392183
15-02-2025 03:30,1011.0014,-0.5013679,2.6800961,295.13058,19.009306
15-02-2025 04:30,1011.23456,-0.841207,2.4998934,300.58722,18.798376
15-02-2025 05:30,1011.5277,0.17735887,0.6668836,303.5113,18.743727
15-02-2025 06:30,1011.5123,0.1280421,-2.3025773,304.67203,18.3844
15-02-2025 07:30,1010.6653,-1.1327384,-4.032338,305.0071,17.525124
15-02-2025 08:30,1009.89484,-1.8595629,-4.7628794,304.20987,16.345652
15-02-2025 09:30,1009.2583,-2.4306607,-4.673941,302.55463,14.771705
15-02-2025 10:30,1008.6866,-2.9527571,-4.1030474,299.988,13.236773
15-02-2025 11:30,1008.556,-2.6768284,-3.2444515,295.85675,12.295329
15-02-2025 12:30,1009.0422,-2.3617857,-2.7186093,290.7598,11.86902
15-02-2025 13:30,1009.7548,-2.7423792,-2.6592681,289.5953,11.587241
15-02-2025 14:30,1010.6035,-2.9238422,-2.422712,288.73615,11.621942
15-02-2025 15:30,1011.1739,-3.0786977,-2.1993952,287.99152,11.809171
15-02-2025 16:30,1011.53424,-3.133626,-1.8849258,287.2045,12.211436
15-02-2025 17:30,1011.568,-3.1397567,-1.458591,286.46918,12.711378
15-02-2025 18:30,1011.4051,-3.055533,-0.9863939,285.81232,13.148448
15-02-2025 19:30,1011.27423,-2.9204447,-0.5719075,284.9487,13.549792
15-02-2025 20:30,1011.1022,-2.8135557,-0.24464083,284.26535,13.868832
15-02-2025 21:30,1010.84515,-2.6723757,0.027278185,283.6616,13.859904
15-02-2025 22:30,1010.59564,-2.533393,0.21590853,283.08508,13.51931
15-02-2025 23:30,1010.84875,-2.3859668,0.20090067,282.51392,13.147535
16-02-2025 00:30,1011.53735,-2.2756307,0.07796526,281.97186,12.685981
16-02-2025 01:30,1012.3575,-2.2292285,0.035019636,282.58298,12.119033
16-02-2025 02:30,1013.15155,-2.7584972,0.23668039,287.90195,11.532667
16-02-2025 03:30,1013.89136,-2.1536152,0.4460504,293.04236,11.380168
16-02-2025 04:30,1014.1679,-1.9568094,0.73329055,299.47375,11.524783
16-02-2025 05:30,1014.1503,-0.8545263,0.4316001,304.73022,11.970337
16-02-2025 06:30,1013.36505,0.11398435,0.26372552,306.77127,12.380908
16-02-2025 07:30,1012.21326,0.8924985,0.22348452,307.24408,13.006506
16-02-2025 08:30,1011.0522,1.2958207,0.087165356,305.94244,13.737497
16-02-2025 09:30,1010.4222,1.589508,-0.48286223,303.511,14.573096
16-02-2025 10:30,1010.34106,1.5519354,-1.3576567,300.42865,15.416391
16-02-2025 11:30,1010.5842,0.67343473,-1.7013302,295.7905,16.212864
16-02-2025 12:30,1010.9808,-0.009559631,-2.4165177,291.97272,16.900099
16-02-2025 13:30,1011.7068,-0.58642364,-2.4696848,291.4672,17.59528
16-02-2025 14:30,1012.65,-0.91176856,-2.4949348,289.74048,17.750933
16-02-2025 15:30,1013.54333,-0.8366823,-2.6089716,288.8593,17.758654
16-02-2025 16:30,1014.01086,-0.91272306,-2.568685,288.2448,17.930906
16-02-2025 17:30,1014.09064,-1.0894899,-2.3775275,287.6344,17.947063
16-02-2025 18:30,1013.8605,-1.2771726,-2.1735828,287.07535,17.986572
16-02-2025 19:30,1013.6094,-1.4751394,-1.9959975,286.50516,18.010212
16-02-2025 20:30,1013.2762,-1.663562,-1.7791178,286.0232,17.90863
16-02-2025 21:30,1013.1171,-1.6831884,-1.3961987,285.56238,17.963085
16-02-2025 22:30,1013.09204,-1.596498,-0.7100836,285.05692,18.040798
16-02-2025 23:30,1013.3853,-1.3847833,-0.03776586,284.66345,18.087183
17-02-2025 00:30,1013.9361,-1.1097913,0.5226511,284.32095,17.953913
17-02-2025 01:30,1014.73517,-0.7219093,1.0910544,284.94327,17.789507
17-02-2025 02:30,1015.6476,-0.25482905,1.689518,290.34857,17.49234
17-02-2025 03:30,1016.46796,-0.09243083,1.7572608,295.19858,17.07796
17-02-2025 04:30,1016.8141,-0.41518915,1.4977076,301.75482,16.499601
17-02-2025 05:30,1016.7961,-0.3629756,0.23061538,306.39264,15.917345
17-02-2025 06:30,1016.1306,0.0717324,-0.5445578,308.66257,15.585054
17-02-2025 07:30,1015.15533,0.7030901,-0.92547035,309.18884,15.506635
17-02-2025 08:30,1014.0886,1.2054102,-1.3529567,308.33234,15.357803
17-02-2025 09:30,1013.3298,1.4439725,-1.8277404,306.12115,15.20122
17-02-2025 10:30,1012.835,1.1180502,-2.229268,303.17688,14.954966
17-02-2025 11:30,1012.663,0.27313834,-1.6524204,298.1864,14.638614
17-02-2025 12:30,1013.3097,-0.08171415,-2.2867088,292.23474,14.701297
17-02-2025 13:30,1014.09064,-0.5832198,-2.493783,290.86716,14.701525
17-02-2025 14:30,1014.8314,-1.0204364,-2.4622717,290.11157,14.748561
17-02-2025 15:30,1015.26666,-1.3965319,-2.3074555,289.7654,14.846321
17-02-2025 16:30,1015.7631,-1.3620923,-2.3808506,288.2264,15.166673
17-02-2025 17:30,1015.82117,-1.3550872,-2.4599895,287.5468,15.553366
17-02-2025 18:30,1015.4436,-1.483517,-2.3159804,286.93634,15.779793
17-02-2025 19:30,1014.9283,-1.5745782,-2.0644124,287.77478,16.185839
17-02-2025 20:30,1014.3376,-1.5745801,-1.8166927,287.9442,16.84187
17-02-2025 21:30,1013.7775,-1.5632737,-1.5773553,287.58154,17.47454
17-02-2025 22:30,1013.36115,-1.5312294,-1.2957695,287.20282,17.72464
17-02-2025 23:30,1013.4522,-1.2764115,-0.993541,285.88455,17.709024
18-02-2025 00:30,1013.88354,-0.8178644,-0.4582417,285.11978,17.701132
18-02-2025 01:30,1014.56744,-0.09171462,0.2419492,285.55353,17.669815
18-02-2025 02:30,1015.3187,0.72845566,0.87274194,290.5946,17.583832
18-02-2025 03:30,1016.0096,1.1399429,0.83476126,295.72003,17.37295
18-02-2025 04:30,1016.3738,1.3770359,0.68806005,302.08136,17.224703
18-02-2025 05:30,1016.4383,1.9931124,-0.20875734,305.80847,17.24059
18-02-2025 06:30,1015.77075,2.3861346,-1.1234581,307.58044,17.186142
18-02-2025 07:30,1014.4685,2.3685899,-1.7904332,308.09988,16.944166
18-02-2025 08:30,1013.1191,2.14655,-2.2732763,307.57175,16.647467
18-02-2025 09:30,1012.2569,1.9407948,-2.559472,305.79987,16.38157
18-02-2025 10:30,1011.9503,1.7212231,-2.5917325,303.0149,16.052563
18-02-2025 11:30,1012.0408,0.90904456,-1.8341179,298.27576,15.715618
18-02-2025 12:30,1012.4456,0.566879,-2.2876573,292.17612,15.488217
18-02-2025 13:30,1013.1703,0.28402606,-2.5177689,290.61978,15.374262
18-02-2025 14:30,1013.8894,0.13860986,-2.5937634,289.6197,15.39729
18-02-2025 15:30,1014.29456,0.15697953,-2.6536775,288.7443,15.420699
18-02-2025 16:30,1014.375,0.22410262,-2.6931448,287.96588,15.412972
18-02-2025 17:30,1014.09143,0.25448585,-2.6568837,287.21875,15.389576
18-02-2025 18:30,1013.6214,0.2669847,-2.5857067,286.52124,15.339131
18-02-2025 19:30,1013.23627,0.35643524,-2.5156658,285.87115,15.319888
18-02-2025 20:30,1013.02905,0.7585125,-2.3964195,285.25876,15.527501
18-02-2025 21:30,1012.91736,1.1059184,-2.1733084,284.679,15.723621
18-02-2025 22:30,1012.5433,0.85956544,-2.0527298,284.06396,15.447198
18-02-2025 23:30,1012.52515,0.6915894,-1.845228,283.44638,15.186347
19-02-2025 00:30,1012.84235,0.7370634,-1.3295779,282.8337,14.831675
19-02-2025 01:30,1013.22375,0.8835427,-0.5954422,283.70178,14.426122
19-02-2025 02:30,1013.7897,1.4687698,0.25204492,289.93073,14.172732
19-02-2025 03:30,1014.30945,1.5392854,0.98211503,295.2868,13.993797
19-02-2025 04:30,1014.61554,2.0370245,0.26014864,301.7814,14.198011
19-02-2025 05:30,1014.4204,2.854991,-0.34788382,304.88885,14.508053
19-02-2025 06:30,1013.50775,3.0310838,-0.4145367,305.39856,14.834274
19-02-2025 07:30,1012.13586,2.7876263,-0.5068219,305.85416,15.167219
19-02-2025 08:30,1010.78076,2.2780218,-0.47868788,306.18784,15.460296
19-02-2025 09:30,1009.9981,2.0941381,-0.2689134,305.73627,15.8682785
19-02-2025 10:30,1009.6799,2.21985,-0.23474991,303.17932,16.712347
19-02-2025 11:30,1009.55237,1.3542758,-0.41786253,298.37967,17.89283
19-02-2025 12:30,1009.72626,0.7610692,-1.0520414,293.56866,19.19606
19-02-2025 13:30,1010.52124,0.11671162,-1.4544636,292.95105,20.502314
19-02-2025 14:30,1011.16815,-0.670799,-1.5405273,292.03305,21.111996
19-02-2025 15:30,1011.4542,-1.2733004,-1.3749676,290.62122,21.26695
19-02-2025 16:30,1011.6763,-1.4260714,-0.70051414,290.02368,21.652447
19-02-2025 17:30,1012.20703,-0.550015,0.34230447,289.84235,22.383211
19-02-2025 18:30,1012.65,0.20750046,0.6453849,289.62817,23.237705
19-02-2025 19:30,1012.4556,-0.58478,0.47970578,289,23.428108
19-02-2025 20:30,1011.9016,-1.4743484,0.80020195,288.81204,23.840996
19-02-2025 21:30,1011.5605,-1.65241,1.1374468,288.82797,24.697397
19-02-2025 22:30,1011.35175,-1.8460232,1.1781902,288.4294,24.95132
19-02-2025 23:30,1011.4122,-2.2745802,1.1716657,287.20456,24.512897
20-02-2025 00:30,1011.9264,-2.6046696,1.2104003,286.42215,24.168783
20-02-2025 01:30,1012.75494,-3.1349378,1.5366526,286.80206,24.02053
20-02-2025 02:30,1013.69556,-4.127986,2.230608,289.09158,23.872402
20-02-2025 03:30,1014.5747,-4.4113293,3.0984738,293.64426,23.574947
20-02-2025 04:30,1014.9981,-5.0028744,4.825829,298.44025,23.199326
20-02-2025 05:30,1014.8702,-4.813789,5.69551,300.97095,22.870928
20-02-2025 06:30,1014.2084,-4.18703,6.361057,303.30466,22.441261
20-02-2025 07:30,1013.21533,-3.4283006,6.7023473,304.43793,21.871103
20-02-2025 08:30,1012.0758,-2.908605,6.738697,304.56107,21.410292
20-02-2025 09:30,1011.3152,-2.8022697,6.3861704,303.38165,21.6374
20-02-2025 10:30,1010.9451,-2.9229836,5.7867165,301.42316,22.512901
20-02-2025 11:30,1010.8672,-3.2060392,4.3878317,298.4487,23.62273
20-02-2025 12:30,1011.1861,-3.7414336,3.2363133,295.30554,24.529139
20-02-2025 13:30,1012.0464,-4.332445,3.3112874,294.76,25.349165
20-02-2025 14:30,1013.15906,-3.854511,2.9247718,293.9569,25.89579
20-02-2025 15:30,1014.1069,-2.8847961,2.4235733,293.09534,25.778759
20-02-2025 16:30,1014.84467,-1.7984475,1.6106231,292.15582,24.95143
20-02-2025 17:30,1015.1813,-1.1266865,0.80318916,290.85852,23.49828
20-02-2025 18:30,1015.29095,-1.0315844,0.50144994,289.00684,21.787622
20-02-2025 19:30,1015.33264,-0.7507925,0.07966469,287.51038,20.382317
20-02-2025 20:30,1015.2746,-0.49520028,-0.572905,286.66833,19.430864
20-02-2025 21:30,1015.0808,-0.60286176,-1.2643679,286.00006,18.683374
20-02-2025 22:30,1014.9509,-1.00713,-1.6809303,285.4985,18.154308
20-02-2025 23:30,1015.1909,-1.4333066,-1.7178063,285.05963,17.81995
21-02-2025 00:30,1015.77295,-1.7953808,-1.4488637,284.61932,17.556557
21-02-2025 01:30,1016.558,-1.9226937,-0.98882043,285.4007,17.276403
21-02-2025 02:30,1017.4945,-2.5083148,-0.63806695,289.98535,16.95757
21-02-2025 03:30,1018.28516,-2.1204967,0.4656269,295.64893,16.54595
21-02-2025 04:30,1018.5734,-1.511004,1.4496566,300.9115,16.139208
21-02-2025 05:30,1018.41376,-0.37891805,1.5519724,304.4512,15.841763
21-02-2025 06:30,1017.58875,0.67922986,1.249613,305.99008,15.517311
21-02-2025 07:30,1016.3554,1.4525839,0.8423849,306.71555,15.138358
21-02-2025 08:30,1015.16284,2.0711482,0.25322783,305.92633,14.681245
21-02-2025 09:30,1014.42487,2.6369886,-0.68070877,304.2794,14.219732
21-02-2025 10:30,1014.1794,2.9947844,-1.6914647,301.47028,13.906742
21-02-2025 11:30,1014.3663,2.328068,-1.9580839,297.21674,13.624886
21-02-2025 12:30,1014.80255,1.8673227,-2.3907332,291.9267,13.421246
21-02-2025 13:30,1015.555,1.736975,-2.9567218,291.40027,13.424823
21-02-2025 14:30,1016.22766,1.5762379,-3.236873,290.58014,13.645091
21-02-2025 15:30,1016.62244,1.5203657,-3.2913442,289.24377,13.754394
21-02-2025 16:30,1016.8053,1.5053766,-3.2047305,288.20605,13.727313
21-02-2025 17:30,1016.71545,1.6092693,-2.9788995,287.22552,13.665982
21-02-2025 18:30,1016.34485,1.6148986,-2.7758121,286.3443,13.598852
21-02-2025 19:30,1015.88806,1.6574978,-2.6849396,286.20493,13.664175
21-02-2025 20:30,1015.4213,1.9649695,-2.8737354,286.8441,14.153086
21-02-2025 21:30,1014.91547,1.7008564,-2.3710966,286.28632,15.062903
21-02-2025 22:30,1014.4255,1.3813261,-1.9162537,284.44608,16.016973
21-02-2025 23:30,1014.3364,1.4400253,-1.7215286,284.14642,16.600159
22-02-2025 00:30,1014.7326,1.8282382,-1.5036051,283.25262,16.208904
22-02-2025 01:30,1015.5767,2.6793735,-1.4171929,284.18872,15.371767
22-02-2025 02:30,1016.60126,4.1937733,-1.4820399,288.09552,15.1921
22-02-2025 03:30,1017.45764,4.1313863,-1.7499524,293.7107,15.867762
22-02-2025 04:30,1017.77814,4.5215297,-3.2653716,298.23688,17.012283
22-02-2025 05:30,1017.68835,4.729809,-3.397302,300.24475,18.311436
22-02-2025 06:30,1017.2344,4.881229,-3.5405314,300.4667,19.750494
22-02-2025 07:30,1016.53827,4.7879934,-3.5708055,300.07294,21.02402
22-02-2025 08:30,1015.86505,4.6312714,-3.247757,300.80383,21.485111
22-02-2025 09:30,1015.2706,4.3714237,-2.7106884,300.81403,20.704224
22-02-2025 10:30,1014.8119,4.1176004,-2.260483,299.54395,19.314186
22-02-2025 11:30,1014.78485,2.9952385,-1.5363729,296.0671,17.923765
22-02-2025 12:30,1015.2587,2.391755,-0.9875677,290.24738,16.736061
22-02-2025 13:30,1016.05,2.5815768,-0.95943904,288.75122,15.887265
22-02-2025 14:30,1016.82104,2.628899,-1.0214545,287.94543,15.413436
22-02-2025 15:30,1017.2857,2.6368475,-1.1961207,287.2464,15.201486
22-02-2025 16:30,1017.5073,2.5712044,-1.4038231,286.59958,15.122659
22-02-2025 17:30,1017.4609,2.4711394,-1.5639817,285.99017,15.091005
22-02-2025 18:30,1017.28815,2.3500576,-1.7094554,285.43668,15.039808
22-02-2025 19:30,1017.09955,2.1586022,-1.8830783,284.91043,14.883108
22-02-2025 20:30,1016.7612,1.8843172,-2.0709748,284.36932,14.605078
22-02-2025 21:30,1016.302,1.6193347,-2.1689916,283.78995,14.24103
22-02-2025 22:30,1015.9897,1.4522171,-2.1610684,283.24533,13.833988
22-02-2025 23:30,1016.0668,1.3942604,-2.0893707,282.74203,13.450409
23-02-2025 00:30,1016.51196,1.4684714,-1.935437,282.28415,13.117776
23-02-2025 01:30,1017.15265,1.5076915,-1.6295799,283.4791,12.757798
23-02-2025 02:30,1017.8223,1.8543837,-1.4955568,289.46283,12.370626
23-02-2025 03:30,1018.4586,1.4584266,-0.6939864,295.24536,12.034485
23-02-2025 04:30,1018.8474,1.7070074,-1.9755687,301.0387,11.831478
23-02-2025 05:30,1018.8259,1.8302928,-1.5619731,304.37387,11.714863
23-02-2025 06:30,1018.12714,1.9746419,-1.0454175,306.28387,11.676786
23-02-2025 07:30,1016.9615,2.2010493,-0.70235276,307.02878,11.627195
23-02-2025 08:30,1015.7728,2.3888402,-0.5797753,306.5984,11.50714
23-02-2025 09:30,1014.95,2.5372362,-0.6991217,304.68988,11.394809
23-02-2025 10:30,1014.5313,2.6122894,-0.9686808,301.91284,11.313593
23-02-2025 11:30,1014.6067,1.897472,-0.997362,297.43674,11.236113
23-02-2025 12:30,1015.0673,1.8029664,-1.5745202,291.13324,11.154522
23-02-2025 13:30,1015.8677,1.7299966,-2.085984,289.46503,11.115589
23-02-2025 14:30,1016.7832,1.5882256,-2.395652,288.53412,11.209239
23-02-2025 15:30,1017.47174,1.4290504,-2.5652544,287.68954,11.338023
23-02-2025 16:30,1017.8842,1.1876304,-2.660527,286.83054,11.48256
23-02-2025 17:30,1018.03064,0.9182011,-2.6949127,286.0338,11.697461
23-02-2025 18:30,1018.02466,0.66976476,-2.6665952,285.27838,11.966587
23-02-2025 19:30,1017.9786,0.39124656,-2.5890326,284.58075,12.2121935
23-02-2025 20:30,1017.6486,0.04081464,-2.41439,283.8908,12.333054
23-02-2025 21:30,1017.2967,-0.14379174,-2.2025647,283.2652,12.469853
23-02-2025 22:30,1017.2003,-0.17855561,-1.928545,282.72485,12.564089
23-02-2025 23:30,1017.3738,-0.15882531,-1.4173653,282.1822,12.447739
24-02-2025 00:30,1017.79205,0.10226025,-0.5838682,281.6459,12.23794
24-02-2025 01:30,1018.4739,0.7539185,0.4800977,282.98648,12.105724
24-02-2025 02:30,1019.3217,1.7668707,1.3800597,289.31393,12.016652
24-02-2025 03:30,1020.1457,2.0387964,1.2640444,294.86682,12.134494
24-02-2025 04:30,1020.5519,2.480446,0.116675496,300.9074,12.404194
24-02-2025 05:30,1020.4372,2.6856794,-1.1922017,304.25775,12.701351
24-02-2025 06:30,1019.6106,2.7217536,-2.0528398,305.78592,13.025927
24-02-2025 07:30,1018.5078,2.7132215,-2.7937376,306.39136,13.412994
24-02-2025 08:30,1017.3063,2.572033,-3.2230673,305.9964,13.780531
24-02-2025 09:30,1016.3639,2.303249,-3.335125,304.79642,13.8544855
24-02-2025 10:30,1015.8947,2.152669,-3.2902758,302.29602,13.711644
24-02-2025 11:30,1015.86945,1.5428967,-2.3022866,298.05237,13.56844
24-02-2025 12:30,1016.2442,1.3917632,-2.094334,291.70416,13.523109
24-02-2025 13:30,1016.90204,1.4498498,-2.1113482,290.00708,13.63041
24-02-2025 14:30,1017.762,1.684671,-1.9545279,289.01288,13.792622
24-02-2025 15:30,1018.1658,1.5521417,-1.8003105,288.112,13.846051
24-02-2025 16:30,1018.0778,1.0458101,-1.682221,287.20142,13.817967
24-02-2025 17:30,1018.4425,1.0109761,-1.8171413,286.5185,13.995248
24-02-2025 18:30,1018.2089,0.8594564,-1.4015174,286.02625,14.011586
24-02-2025 19:30,1018.14825,1.1210172,-1.0071383,285.13342,14.496084
24-02-2025 20:30,1017.89966,1.2306097,-0.7918495,284.96448,15.174903
24-02-2025 21:30,1017.0012,0.6481118,-0.49411058,285.27707,15.5580015
24-02-2025 22:30,1016.3136,-0.22611162,-0.2847018,285.5843,15.806674
24-02-2025 23:30,1016.4914,-0.328765,-0.19937044,283.80582,16.367992
25-02-2025 00:30,1016.9239,-0.27878243,0.30148306,284.69183,17.273008
25-02-2025 01:30,1017.34515,-0.19562124,1.2301885,285.99713,18.428896
25-02-2025 02:30,1018.091,0.30068782,2.1162105,289.7591,19.622833
25-02-2025 03:30,1019.13385,0.89210135,2.9307349,294.4686,20.439987
25-02-2025 04:30,1019.7636,1.1338173,2.5008693,301.0621,20.874323
25-02-2025 05:30,1019.8528,1.5389754,0.96806985,305.63354,21.896057
25-02-2025 06:30,1019.4111,1.4789915,-0.76425415,308.2095,23.191301
25-02-2025 07:30,1018.4113,1.0401806,-1.8224158,309.37338,24.033546
25-02-2025 08:30,1017.3386,0.6243808,-2.289193,308.88678,24.282234
25-02-2025 09:30,1016.6202,0.38436714,-2.4024277,307.01086,24.070078
25-02-2025 10:30,1016.27545,0.22428185,-2.3576736,304.35632,23.87351
25-02-2025 11:30,1016.1267,-0.39316317,-1.6215179,299.94156,23.895699
25-02-2025 12:30,1016.3211,-1.6740764,-1.6369318,293.99237,23.730453
25-02-2025 13:30,1016.8074,-2.553974,-1.1009046,292.497,23.088484
25-02-2025 14:30,1017.2386,-2.927126,-0.21253878,291.77936,22.305817
25-02-2025 15:30,1017.6791,-2.8403409,0.73287296,291.15546,21.812624
25-02-2025 16:30,1018.2678,-2.4292603,1.6250544,289.97388,21.63247
25-02-2025 17:30,1018.4982,-1.8706096,2.299118,289.32507,21.577677
25-02-2025 18:30,1018.5516,-1.1797676,2.760479,288.74823,22.070406
25-02-2025 19:30,1018.11017,-0.77574676,2.9878497,288.45114,22.610855
25-02-2025 20:30,1017.56476,-0.52086353,2.9923055,288.36423,23.096094
25-02-2025 21:30,1016.9498,-0.45948818,2.9236085,287.89307,23.330252
25-02-2025 22:30,1016.4547,-0.4356441,2.7688181,287.8573,23.509453
25-02-2025 23:30,1016.697,-0.27885658,2.517873,287.9872,23.861483
26-02-2025 00:30,1017.5799,-0.060652614,2.0958524,288.06165,24.455532
26-02-2025 01:30,1019.0711,0.7612525,1.5204484,288.5641,25.582203
26-02-2025 02:30,1021.02856,2.04655,0.30951586,290.28754,27.448809
26-02-2025 03:30,1022.09784,2.1081283,-0.37147653,291.65143,29.205751
26-02-2025 04:30,1021.54486,-0.043567687,-0.011139065,294.701,28.45686
26-02-2025 05:30,1019.9639,-1.6104363,-0.02391912,302.55475,26.357632
26-02-2025 06:30,1019.1732,-0.24079761,-0.4638168,303.71823,26.197348
26-02-2025 07:30,1017.8868,-0.11241609,-0.35648835,305.74222,26.106066
26-02-2025 08:30,1016.295,-0.19637853,-0.038194776,309.35132,26.114086
26-02-2025 09:30,1015.3917,0.7913299,-0.3884951,307.9749,27.359255
26-02-2025 10:30,1015.433,1.1852871,-0.7335182,300.44238,28.742876
26-02-2025 11:30,1015.3046,0.6106996,-1.243031,297.71817,29.179813
26-02-2025 12:30,1015.54095,-0.3976934,-1.5960089,295.33347,28.804235
26-02-2025 13:30,1016.1412,-1.2015905,-1.449032,294.12738,27.467054
26-02-2025 14:30,1016.65845,-1.6413589,-0.94080204,293.32108,25.95016
26-02-2025 15:30,1016.70544,-1.6236448,-0.25118327,292.6699,24.9177
26-02-2025 16:30,1016.47986,-1.5145673,0.058996886,292.20178,24.409044
26-02-2025 17:30,1015.93713,-1.8236167,0.1357216,291.76352,23.76034
26-02-2025 18:30,1015.1492,-2.1736732,0.4017902,291.28107,22.298983
26-02-2025 19:30,1014.78564,-1.928251,0.7658882,290.3471,21.774601
26-02-2025 20:30,1014.4597,-1.4065586,0.85307246,289.46423,22.428446
26-02-2025 21:30,1014.3242,-0.69763637,0.5005621,289.06094,23.872486
26-02-2025 22:30,1014.7445,0.203915,-0.61857384,289.48932,25.747185
26-02-2025 23:30,1015.128,-0.26108503,-1.6670551,289.4377,27.6537
27-02-2025 00:30,1015.34644,-1.7819151,-1.6326243,289.46344,28.185768
27-02-2025 01:30,1015.32874,-2.8420238,-0.6251261,289.82147,27.203209
27-02-2025 02:30,1016.42896,-3.0010934,0.91799724,291.22705,27.14216
27-02-2025 03:30,1017.9638,-2.3227448,2.3353624,292.60944,27.862812
27-02-2025 04:30,1018.4116,-1.8135295,2.6081104,294.19635,28.34956
27-02-2025 05:30,1018.0494,-1.8961337,2.494356,297.4769,29.035362
27-02-2025 06:30,1017.1446,-1.956943,1.9819311,300.2929,29.767595
27-02-2025 07:30,1015.01843,-3.30472,1.4357913,301.10168,29.350882
27-02-2025 08:30,1013.23474,-3.726984,1.691251,302.85168,28.965506
27-02-2025 09:30,1012.1967,-3.2527175,2.2083955,302.7331,28.487804
27-02-2025 10:30,1011.7466,-2.9808311,2.2211485,300.32074,28.425451
27-02-2025 11:30,1011.83435,-2.3752956,1.0773132,296.78406,28.597483
27-02-2025 12:30,1012.3859,-2.9019964,0.28826842,293.92496,28.604559
27-02-2025 13:30,1012.9457,-4.622038,-0.046755135,293.69055,28.135504
27-02-2025 14:30,1013.259,-5.2790484,0.055724178,293.1007,27.565586
27-02-2025 15:30,1013.4137,-4.230494,0.63409954,292.12863,27.698559
27-02-2025 16:30,1013.4242,-3.3292918,1.19215,291.65057,28.033276
27-02-2025 17:30,1013.2417,-2.6245348,1.5432721,291.13617,28.313683
27-02-2025 18:30,1012.72595,-2.5748663,1.9544554,290.78485,28.789885
27-02-2025 19:30,1011.96924,-2.901004,2.6233242,290.6322,29.164862
27-02-2025 20:30,1011.39874,-2.46076,2.958079,290.40198,29.625711
27-02-2025 21:30,1011.36346,-1.4009004,2.8262231,289.9275,30.578701
27-02-2025 22:30,1011.2944,-1.1625379,2.627607,289.62854,31.320892
27-02-2025 23:30,1011.3078,-1.7574236,2.4162095,289.41025,31.41457
28-02-2025 00:30,1011.6178,-2.4318178,2.4547567,289.20868,31.086164
28-02-2025 01:30,1012.24396,-2.341952,2.8614063,289.23703,30.86686
28-02-2025 02:30,1013.0837,-2.1565797,3.4954028,290.1123,30.772251
28-02-2025 03:30,1013.65906,-2.4765468,3.0744293,291.33624,30.20926
28-02-2025 04:30,1013.9902,-2.8589463,2.4178598,292.6435,30.060799
28-02-2025 05:30,1014.40594,-2.7222846,2.457639,293.78784,30.763897
28-02-2025 06:30,1014.33154,-2.7381132,2.6519413,294.58234,31.36547
28-02-2025 07:30,1013.14594,-3.762294,2.9893937,296.2923,31.381258
28-02-2025 08:30,1011.1269,-4.975203,3.2099943,298.09595,30.764378
28-02-2025 09:30,1010.1186,-3.8099678,3.3654914,298.31018,30.100355
28-02-2025 10:30,1009.7452,-1.8937733,3.369938,298.4627,28.287884
28-02-2025 11:30,1009.3606,-1.0914341,1.7824645,296.52423,26.467628
28-02-2025 12:30,1009.6711,-1.5401524,1.0935001,291.4292,26.358078
28-02-2025 13:30,1010.47516,-1.9762524,0.6529559,290.57404,27.357382
28-02-2025 14:30,1011.27765,-2.343147,0.30936736,290.3313,28.590654
28-02-2025 15:30,1011.90265,-2.3269703,0.1765886,290.73077,29.644423
28-02-2025 16:30,1012.3107,-2.2018995,0.11056575,290.79086,30.347067
28-02-2025 17:30,1012.5678,-2.2248828,0.02322185,290.4804,30.70601
28-02-2025 18:30,1012.4497,-2.6047883,-0.06718886,289.95715,30.442675
28-02-2025 19:30,1011.8861,-3.181818,-0.2268995,289.376,29.495646
28-02-2025 20:30,1011.0949,-3.418169,-0.26034474,288.9025,28.348242
28-02-2025 21:30,1010.697,-3.45384,-0.09454623,288.54572,27.612947
28-02-2025 22:30,1010.7115,-3.5511303,0.25925994,288.28265,27.02197
28-02-2025 23:30,1010.9603,-3.5393903,0.6473106,288.01364,26.349428
